date,product_id,product_name,price
2025-01-01,PROD-101,Apple iPhone 15 (128GB),79915.78
2025-01-02,PROD-101,Apple iPhone 15 (128GB),79645.03
2025-01-03,PROD-101,Apple iPhone 15 (128GB),79741.5
2025-01-04,PROD-101,Apple iPhone 15 (128GB),79028.55
2025-01-05,PROD-101,Apple iPhone 15 (128GB),78699.09
2025-01-06,PROD-101,Apple iPhone 15 (128GB),79584.61
2025-01-07,PROD-101,Apple iPhone 15 (128GB),80103.28
2025-01-08,PROD-101,Apple iPhone 15 (128GB),80230.72
2025-01-09,PROD-101,Apple iPhone 15 (128GB),79795.18
2025-01-10,PROD-101,Apple iPhone 15 (128GB),79836.84
2025-01-11,PROD-101,Apple iPhone 15 (128GB),78225.22
2025-01-12,PROD-101,Apple iPhone 15 (128GB),77831.71
2025-01-13,PROD-101,Apple iPhone 15 (128GB),78974.85
2025-01-14,PROD-101,Apple iPhone 15 (128GB),77952.39
2025-01-15,PROD-101,Apple iPhone 15 (128GB),77065.81
2025-01-16,PROD-101,Apple iPhone 15 (128GB),76746.75
2025-01-17,PROD-101,Apple iPhone 15 (128GB),76240.9
2025-01-18,PROD-101,Apple iPhone 15 (128GB),75159.03
2025-01-19,PROD-101,Apple iPhone 15 (128GB),74719.8
2025-01-20,PROD-101,Apple iPhone 15 (128GB),75274.11
2025-01-21,PROD-101,Apple iPhone 15 (128GB),75957.21
2025-01-22,PROD-101,Apple iPhone 15 (128GB),75845.01
2025-01-23,PROD-101,Apple iPhone 15 (128GB),75870.4
2025-01-24,PROD-101,Apple iPhone 15 (128GB),75223.01
2025-01-25,PROD-101,Apple iPhone 15 (128GB),73805.64
2025-01-26,PROD-101,Apple iPhone 15 (128GB),73892.61
2025-01-27,PROD-101,Apple iPhone 15 (128GB),74605.87
2025-01-28,PROD-101,Apple iPhone 15 (128GB),74831.9
2025-01-29,PROD-101,Apple iPhone 15 (128GB),74607.28
2025-01-30,PROD-101,Apple iPhone 15 (128GB),74532.91
2025-01-31,PROD-101,Apple iPhone 15 (128GB),74322.76
2025-02-01,PROD-101,Apple iPhone 15 (128GB),74028.91
2025-02-02,PROD-101,Apple iPhone 15 (128GB),74048.72
2025-02-03,PROD-101,Apple iPhone 15 (128GB),74796.15
2025-02-04,PROD-101,Apple iPhone 15 (128GB),75213.75
2025-02-05,PROD-101,Apple iPhone 15 (128GB),74690.94
2025-02-06,PROD-101,Apple iPhone 15 (128GB),74837.64
2025-02-07,PROD-101,Apple iPhone 15 (128GB),74001.17
2025-02-08,PROD-101,Apple iPhone 15 (128GB),72292.19
2025-02-09,PROD-101,Apple iPhone 15 (128GB),72493.5
2025-02-10,PROD-101,Apple iPhone 15 (128GB),74126.97
2025-02-11,PROD-101,Apple iPhone 15 (128GB),74285.0
2025-02-12,PROD-101,Apple iPhone 15 (128GB),74305.97
2025-02-13,PROD-101,Apple iPhone 15 (128GB),74242.43
2025-02-14,PROD-101,Apple iPhone 15 (128GB),73652.23
2025-02-15,PROD-101,Apple iPhone 15 (128GB),72234.45
2025-02-16,PROD-101,Apple iPhone 15 (128GB),72142.78
2025-02-17,PROD-101,Apple iPhone 15 (128GB),73937.18
2025-02-18,PROD-101,Apple iPhone 15 (128GB),74182.21
2025-02-19,PROD-101,Apple iPhone 15 (128GB),73466.99
2025-02-20,PROD-101,Apple iPhone 15 (128GB),73726.74
2025-02-21,PROD-101,Apple iPhone 15 (128GB),73654.37
2025-02-22,PROD-101,Apple iPhone 15 (128GB),72255.8
2025-02-23,PROD-101,Apple iPhone 15 (128GB),72645.6
2025-02-24,PROD-101,Apple iPhone 15 (128GB),74403.1
2025-02-25,PROD-101,Apple iPhone 15 (128GB),74889.29
2025-02-26,PROD-101,Apple iPhone 15 (128GB),74554.43
2025-02-27,PROD-101,Apple iPhone 15 (128GB),74474.83
2025-02-28,PROD-101,Apple iPhone 15 (128GB),74687.41
2025-03-01,PROD-101,Apple iPhone 15 (128GB),73980.8
2025-03-02,PROD-101,Apple iPhone 15 (128GB),73793.46
2025-03-03,PROD-101,Apple iPhone 15 (128GB),74946.08
2025-03-04,PROD-101,Apple iPhone 15 (128GB),74488.19
2025-03-05,PROD-101,Apple iPhone 15 (128GB),74012.74
2025-03-06,PROD-101,Apple iPhone 15 (128GB),74465.0
2025-03-07,PROD-101,Apple iPhone 15 (128GB),75139.32
2025-03-08,PROD-101,Apple iPhone 15 (128GB),73938.71
2025-03-09,PROD-101,Apple iPhone 15 (128GB),74420.7
2025-03-10,PROD-101,Apple iPhone 15 (128GB),75788.24
2025-03-11,PROD-101,Apple iPhone 15 (128GB),75495.78
2025-03-12,PROD-101,Apple iPhone 15 (128GB),75670.88
2025-03-13,PROD-101,Apple iPhone 15 (128GB),76366.71
2025-03-14,PROD-101,Apple iPhone 15 (128GB),76319.51
2025-03-15,PROD-101,Apple iPhone 15 (128GB),75796.39
2025-03-16,PROD-101,Apple iPhone 15 (128GB),74555.02
2025-03-17,PROD-101,Apple iPhone 15 (128GB),76122.96
2025-03-18,PROD-101,Apple iPhone 15 (128GB),76143.24
2025-03-19,PROD-101,Apple iPhone 15 (128GB),75988.79
2025-03-20,PROD-101,Apple iPhone 15 (128GB),76017.9
2025-03-21,PROD-101,Apple iPhone 15 (128GB),75109.86
2025-03-22,PROD-101,Apple iPhone 15 (128GB),73844.27
2025-03-23,PROD-101,Apple iPhone 15 (128GB),74040.1
2025-03-24,PROD-101,Apple iPhone 15 (128GB),75928.98
2025-03-25,PROD-101,Apple iPhone 15 (128GB),75686.57
2025-03-26,PROD-101,Apple iPhone 15 (128GB),75325.68
2025-03-27,PROD-101,Apple iPhone 15 (128GB),75120.86
2025-03-28,PROD-101,Apple iPhone 15 (128GB),75564.01
2025-03-29,PROD-101,Apple iPhone 15 (128GB),74522.51
2025-03-30,PROD-101,Apple iPhone 15 (128GB),74285.33
2025-03-31,PROD-101,Apple iPhone 15 (128GB),75727.86
2025-04-01,PROD-101,Apple iPhone 15 (128GB),75772.42
2025-04-02,PROD-101,Apple iPhone 15 (128GB),76206.95
2025-04-03,PROD-101,Apple iPhone 15 (128GB),75867.93
2025-04-04,PROD-101,Apple iPhone 15 (128GB),75714.35
2025-04-05,PROD-101,Apple iPhone 15 (128GB),74340.94
2025-04-06,PROD-101,Apple iPhone 15 (128GB),73692.65
2025-04-07,PROD-101,Apple iPhone 15 (128GB),75067.11
2025-04-08,PROD-101,Apple iPhone 15 (128GB),75218.49
2025-04-09,PROD-101,Apple iPhone 15 (128GB),75247.12
2025-04-10,PROD-101,Apple iPhone 15 (128GB),75166.46
2025-04-11,PROD-101,Apple iPhone 15 (128GB),74558.48
2025-04-12,PROD-101,Apple iPhone 15 (128GB),73230.03
2025-04-13,PROD-101,Apple iPhone 15 (128GB),73141.64
2025-04-14,PROD-101,Apple iPhone 15 (128GB),74049.37
2025-04-15,PROD-101,Apple iPhone 15 (128GB),74061.58
2025-04-16,PROD-101,Apple iPhone 15 (128GB),74327.58
2025-04-17,PROD-101,Apple iPhone 15 (128GB),75247.25
2025-04-18,PROD-101,Apple iPhone 15 (128GB),75350.71
2025-04-19,PROD-101,Apple iPhone 15 (128GB),74287.83
2025-04-20,PROD-101,Apple iPhone 15 (128GB),74267.27
2025-04-21,PROD-101,Apple iPhone 15 (128GB),74616.3
2025-04-22,PROD-101,Apple iPhone 15 (128GB),74660.81
2025-04-23,PROD-101,Apple iPhone 15 (128GB),74742.13
2025-04-24,PROD-101,Apple iPhone 15 (128GB),75900.75
2025-04-25,PROD-101,Apple iPhone 15 (128GB),75806.41
2025-04-26,PROD-101,Apple iPhone 15 (128GB),74740.54
2025-04-27,PROD-101,Apple iPhone 15 (128GB),74715.23
2025-04-28,PROD-101,Apple iPhone 15 (128GB),75379.4
2025-04-29,PROD-101,Apple iPhone 15 (128GB),75911.96
2025-04-30,PROD-101,Apple iPhone 15 (128GB),76241.99
2025-05-01,PROD-101,Apple iPhone 15 (128GB),76573.12
2025-05-02,PROD-101,Apple iPhone 15 (128GB),76122.5
2025-05-03,PROD-101,Apple iPhone 15 (128GB),75536.39
2025-05-04,PROD-101,Apple iPhone 15 (128GB),74856.07
2025-05-05,PROD-101,Apple iPhone 15 (128GB),76303.19
2025-05-06,PROD-101,Apple iPhone 15 (128GB),77260.99
2025-05-07,PROD-101,Apple iPhone 15 (128GB),76739.46
2025-05-08,PROD-101,Apple iPhone 15 (128GB),76434.92
2025-05-09,PROD-101,Apple iPhone 15 (128GB),76445.27
2025-05-10,PROD-101,Apple iPhone 15 (128GB),74985.2
2025-05-11,PROD-101,Apple iPhone 15 (128GB),74265.48
2025-05-12,PROD-101,Apple iPhone 15 (128GB),75508.9
2025-05-13,PROD-101,Apple iPhone 15 (128GB),75042.67
2025-05-14,PROD-101,Apple iPhone 15 (128GB),75290.92
2025-05-15,PROD-101,Apple iPhone 15 (128GB),74899.89
2025-05-16,PROD-101,Apple iPhone 15 (128GB),75639.63
2025-05-17,PROD-101,Apple iPhone 15 (128GB),74093.94
2025-05-18,PROD-101,Apple iPhone 15 (128GB),73971.65
2025-05-19,PROD-101,Apple iPhone 15 (128GB),75564.99
2025-05-20,PROD-101,Apple iPhone 15 (128GB),75020.11
2025-05-21,PROD-101,Apple iPhone 15 (128GB),75158.72
2025-05-22,PROD-101,Apple iPhone 15 (128GB),75776.26
2025-05-23,PROD-101,Apple iPhone 15 (128GB),75051.34
2025-05-24,PROD-101,Apple iPhone 15 (128GB),73970.62
2025-05-25,PROD-101,Apple iPhone 15 (128GB),74116.37
2025-05-26,PROD-101,Apple iPhone 15 (128GB),75688.2
2025-05-27,PROD-101,Apple iPhone 15 (128GB),75134.43
2025-05-28,PROD-101,Apple iPhone 15 (128GB),74570.76
2025-05-29,PROD-101,Apple iPhone 15 (128GB),74864.36
2025-05-30,PROD-101,Apple iPhone 15 (128GB),75042.04
2025-05-31,PROD-101,Apple iPhone 15 (128GB),73991.42
2025-06-01,PROD-101,Apple iPhone 15 (128GB),74175.09
2025-06-02,PROD-101,Apple iPhone 15 (128GB),75086.16
2025-06-03,PROD-101,Apple iPhone 15 (128GB),75223.62
2025-06-04,PROD-101,Apple iPhone 15 (128GB),75381.58
2025-06-05,PROD-101,Apple iPhone 15 (128GB),75078.31
2025-06-06,PROD-101,Apple iPhone 15 (128GB),75951.25
2025-06-07,PROD-101,Apple iPhone 15 (128GB),74955.67
2025-06-08,PROD-101,Apple iPhone 15 (128GB),74399.14
2025-06-09,PROD-101,Apple iPhone 15 (128GB),75900.46
2025-06-10,PROD-101,Apple iPhone 15 (128GB),75454.09
2025-06-11,PROD-101,Apple iPhone 15 (128GB),75822.84
2025-06-12,PROD-101,Apple iPhone 15 (128GB),76340.32
2025-06-13,PROD-101,Apple iPhone 15 (128GB),75941.26
2025-06-14,PROD-101,Apple iPhone 15 (128GB),75166.48
2025-06-15,PROD-101,Apple iPhone 15 (128GB),75321.24
2025-06-16,PROD-101,Apple iPhone 15 (128GB),76850.94
2025-06-17,PROD-101,Apple iPhone 15 (128GB),77649.21
2025-06-18,PROD-101,Apple iPhone 15 (128GB),77443.58
2025-06-19,PROD-101,Apple iPhone 15 (128GB),77019.48
2025-06-20,PROD-101,Apple iPhone 15 (128GB),76555.49
2025-06-21,PROD-101,Apple iPhone 15 (128GB),74949.36
2025-06-22,PROD-101,Apple iPhone 15 (128GB),74894.53
2025-06-23,PROD-101,Apple iPhone 15 (128GB),76229.16
2025-06-24,PROD-101,Apple iPhone 15 (128GB),76329.47
2025-06-25,PROD-101,Apple iPhone 15 (128GB),76672.49
2025-06-26,PROD-101,Apple iPhone 15 (128GB),76631.98
2025-06-27,PROD-101,Apple iPhone 15 (128GB),77241.73
2025-06-28,PROD-101,Apple iPhone 15 (128GB),75849.3
2025-06-29,PROD-101,Apple iPhone 15 (128GB),77008.25
2025-06-30,PROD-101,Apple iPhone 15 (128GB),78365.22
2025-07-01,PROD-101,Apple iPhone 15 (128GB),77848.5
2025-07-02,PROD-101,Apple iPhone 15 (128GB),77261.43
2025-07-03,PROD-101,Apple iPhone 15 (128GB),77402.74
2025-07-04,PROD-101,Apple iPhone 15 (128GB),77219.3
2025-07-05,PROD-101,Apple iPhone 15 (128GB),76268.4
2025-07-06,PROD-101,Apple iPhone 15 (128GB),76395.27
2025-07-07,PROD-101,Apple iPhone 15 (128GB),77468.57
2025-07-08,PROD-101,Apple iPhone 15 (128GB),77001.34
2025-07-09,PROD-101,Apple iPhone 15 (128GB),76256.85
2025-07-10,PROD-101,Apple iPhone 15 (128GB),76030.34
2025-07-11,PROD-101,Apple iPhone 15 (128GB),76401.46
2025-07-12,PROD-101,Apple iPhone 15 (128GB),75266.49
2025-07-13,PROD-101,Apple iPhone 15 (128GB),74669.92
2025-07-14,PROD-101,Apple iPhone 15 (128GB),75940.19
2025-07-15,PROD-101,Apple iPhone 15 (128GB),76103.83
2025-07-16,PROD-101,Apple iPhone 15 (128GB),75688.16
2025-07-17,PROD-101,Apple iPhone 15 (128GB),75760.19
2025-07-18,PROD-101,Apple iPhone 15 (128GB),75785.64
2025-07-19,PROD-101,Apple iPhone 15 (128GB),74070.78
2025-07-20,PROD-101,Apple iPhone 15 (128GB),74255.58
2025-07-21,PROD-101,Apple iPhone 15 (128GB),75720.99
2025-07-22,PROD-101,Apple iPhone 15 (128GB),76209.57
2025-07-23,PROD-101,Apple iPhone 15 (128GB),76660.56
2025-07-24,PROD-101,Apple iPhone 15 (128GB),75994.84
2025-07-25,PROD-101,Apple iPhone 15 (128GB),75560.34
2025-07-26,PROD-101,Apple iPhone 15 (128GB),74602.85
2025-07-27,PROD-101,Apple iPhone 15 (128GB),74831.25
2025-07-28,PROD-101,Apple iPhone 15 (128GB),76247.29
2025-07-29,PROD-101,Apple iPhone 15 (128GB),77955.91
2025-07-30,PROD-101,Apple iPhone 15 (128GB),78102.28
2025-07-31,PROD-101,Apple iPhone 15 (128GB),78495.43
2025-08-01,PROD-101,Apple iPhone 15 (128GB),78787.22
2025-08-02,PROD-101,Apple iPhone 15 (128GB),77729.74
2025-08-03,PROD-101,Apple iPhone 15 (128GB),77428.72
2025-08-04,PROD-101,Apple iPhone 15 (128GB),78824.66
2025-08-05,PROD-101,Apple iPhone 15 (128GB),78322.91
2025-08-06,PROD-101,Apple iPhone 15 (128GB),78087.46
2025-08-07,PROD-101,Apple iPhone 15 (128GB),77751.93
2025-08-08,PROD-101,Apple iPhone 15 (128GB),77688.44
2025-08-09,PROD-101,Apple iPhone 15 (128GB),77434.37
2025-08-10,PROD-101,Apple iPhone 15 (128GB),76449.72
2025-08-11,PROD-101,Apple iPhone 15 (128GB),77861.89
2025-08-12,PROD-101,Apple iPhone 15 (128GB),77030.33
2025-08-13,PROD-101,Apple iPhone 15 (128GB),76753.7
2025-08-14,PROD-101,Apple iPhone 15 (128GB),77193.31
2025-08-15,PROD-101,Apple iPhone 15 (128GB),77149.83
2025-08-16,PROD-101,Apple iPhone 15 (128GB),75396.11
2025-08-17,PROD-101,Apple iPhone 15 (128GB),75031.75
2025-08-18,PROD-101,Apple iPhone 15 (128GB),76511.82
2025-08-19,PROD-101,Apple iPhone 15 (128GB),76144.82
2025-08-20,PROD-101,Apple iPhone 15 (128GB),76222.25
2025-08-21,PROD-101,Apple iPhone 15 (128GB),76218.9
2025-08-22,PROD-101,Apple iPhone 15 (128GB),75902.0
2025-08-23,PROD-101,Apple iPhone 15 (128GB),75660.43
2025-08-24,PROD-101,Apple iPhone 15 (128GB),75890.01
2025-08-25,PROD-101,Apple iPhone 15 (128GB),76110.03
2025-08-26,PROD-101,Apple iPhone 15 (128GB),76175.69
2025-08-27,PROD-101,Apple iPhone 15 (128GB),75856.36
2025-08-28,PROD-101,Apple iPhone 15 (128GB),76234.4
2025-08-29,PROD-101,Apple iPhone 15 (128GB),75853.31
2025-08-30,PROD-101,Apple iPhone 15 (128GB),74597.77
2025-08-31,PROD-101,Apple iPhone 15 (128GB),74822.46
2025-09-01,PROD-101,Apple iPhone 15 (128GB),76396.76
2025-09-02,PROD-101,Apple iPhone 15 (128GB),75824.05
2025-09-03,PROD-101,Apple iPhone 15 (128GB),75669.58
2025-09-04,PROD-101,Apple iPhone 15 (128GB),75459.64
2025-09-05,PROD-101,Apple iPhone 15 (128GB),75179.92
2025-09-06,PROD-101,Apple iPhone 15 (128GB),74804.14
2025-09-07,PROD-101,Apple iPhone 15 (128GB),74973.51
2025-09-08,PROD-101,Apple iPhone 15 (128GB),75583.27
2025-09-09,PROD-101,Apple iPhone 15 (128GB),76004.4
2025-09-10,PROD-101,Apple iPhone 15 (128GB),76946.41
2025-09-11,PROD-101,Apple iPhone 15 (128GB),77350.96
2025-09-12,PROD-101,Apple iPhone 15 (128GB),76586.96
2025-09-13,PROD-101,Apple iPhone 15 (128GB),75128.46
2025-09-14,PROD-101,Apple iPhone 15 (128GB),75669.49
2025-09-15,PROD-101,Apple iPhone 15 (128GB),76493.4
2025-09-16,PROD-101,Apple iPhone 15 (128GB),76655.7
2025-09-17,PROD-101,Apple iPhone 15 (128GB),76958.76
2025-09-18,PROD-101,Apple iPhone 15 (128GB),76480.97
2025-09-19,PROD-101,Apple iPhone 15 (128GB),76417.39
2025-09-20,PROD-101,Apple iPhone 15 (128GB),73726.71
2025-09-21,PROD-101,Apple iPhone 15 (128GB),73306.74
2025-09-22,PROD-101,Apple iPhone 15 (128GB),74453.58
2025-09-23,PROD-101,Apple iPhone 15 (128GB),73956.66
2025-09-24,PROD-101,Apple iPhone 15 (128GB),74780.67
2025-09-25,PROD-101,Apple iPhone 15 (128GB),74185.33
2025-09-26,PROD-101,Apple iPhone 15 (128GB),74065.31
2025-09-27,PROD-101,Apple iPhone 15 (128GB),73009.64
2025-09-28,PROD-101,Apple iPhone 15 (128GB),73735.06
2025-09-29,PROD-101,Apple iPhone 15 (128GB),74328.01
2025-09-30,PROD-101,Apple iPhone 15 (128GB),74922.29
2025-10-01,PROD-101,Apple iPhone 15 (128GB),74968.04
2025-10-02,PROD-101,Apple iPhone 15 (128GB),74565.22
2025-10-03,PROD-101,Apple iPhone 15 (128GB),74832.16
2025-10-04,PROD-101,Apple iPhone 15 (128GB),73768.89
2025-10-05,PROD-101,Apple iPhone 15 (128GB),73537.69
2025-10-06,PROD-101,Apple iPhone 15 (128GB),74818.05
2025-10-07,PROD-101,Apple iPhone 15 (128GB),74691.01
2025-10-08,PROD-101,Apple iPhone 15 (128GB),74794.81
2025-10-09,PROD-101,Apple iPhone 15 (128GB),75140.28
2025-10-10,PROD-101,Apple iPhone 15 (128GB),75884.24
2025-10-11,PROD-101,Apple iPhone 15 (128GB),74121.77
2025-10-12,PROD-101,Apple iPhone 15 (128GB),75102.88
2025-10-13,PROD-101,Apple iPhone 15 (128GB),75395.13
2025-10-14,PROD-101,Apple iPhone 15 (128GB),75344.33
2025-10-15,PROD-101,Apple iPhone 15 (128GB),70835.12
2025-10-16,PROD-101,Apple iPhone 15 (128GB),70967.37
2025-10-17,PROD-101,Apple iPhone 15 (128GB),70686.35
2025-10-18,PROD-101,Apple iPhone 15 (128GB),69407.43
2025-10-19,PROD-101,Apple iPhone 15 (128GB),69202.85
2025-10-20,PROD-101,Apple iPhone 15 (128GB),70163.62
2025-10-21,PROD-101,Apple iPhone 15 (128GB),70585.32
2025-10-22,PROD-101,Apple iPhone 15 (128GB),70764.27
2025-10-23,PROD-101,Apple iPhone 15 (128GB),70461.81
2025-10-24,PROD-101,Apple iPhone 15 (128GB),70891.1
2025-10-25,PROD-101,Apple iPhone 15 (128GB),69833.89
2025-10-26,PROD-101,Apple iPhone 15 (128GB),74989.62
2025-10-27,PROD-101,Apple iPhone 15 (128GB),76449.31
2025-10-28,PROD-101,Apple iPhone 15 (128GB),76041.05
2025-10-29,PROD-101,Apple iPhone 15 (128GB),75774.18
2025-10-30,PROD-101,Apple iPhone 15 (128GB),76109.01
2025-10-31,PROD-101,Apple iPhone 15 (128GB),76365.49
2025-11-01,PROD-101,Apple iPhone 15 (128GB),75126.57
2025-11-02,PROD-101,Apple iPhone 15 (128GB),75150.37
2025-11-03,PROD-101,Apple iPhone 15 (128GB),76893.64
2025-11-04,PROD-101,Apple iPhone 15 (128GB),76570.01
2025-11-05,PROD-101,Apple iPhone 15 (128GB),76774.96
2025-11-06,PROD-101,Apple iPhone 15 (128GB),76632.49
2025-11-07,PROD-101,Apple iPhone 15 (128GB),76490.17
2025-11-08,PROD-101,Apple iPhone 15 (128GB),75748.87
2025-11-09,PROD-101,Apple iPhone 15 (128GB),76060.2
2025-11-10,PROD-101,Apple iPhone 15 (128GB),77549.1
2025-11-11,PROD-101,Apple iPhone 15 (128GB),78046.37
2025-11-12,PROD-101,Apple iPhone 15 (128GB),77940.76
2025-11-13,PROD-101,Apple iPhone 15 (128GB),78137.87
2025-11-14,PROD-101,Apple iPhone 15 (128GB),77878.61
2025-11-15,PROD-101,Apple iPhone 15 (128GB),76719.32
2025-11-16,PROD-101,Apple iPhone 15 (128GB),76552.12
2025-11-17,PROD-101,Apple iPhone 15 (128GB),77694.0
2025-11-18,PROD-101,Apple iPhone 15 (128GB),77864.38
2025-11-19,PROD-101,Apple iPhone 15 (128GB),77390.22
2025-11-20,PROD-101,Apple iPhone 15 (128GB),78249.54
2025-11-21,PROD-101,Apple iPhone 15 (128GB),77671.62
2025-11-22,PROD-101,Apple iPhone 15 (128GB),75830.41
2025-11-23,PROD-101,Apple iPhone 15 (128GB),76287.38
2025-11-24,PROD-101,Apple iPhone 15 (128GB),72961.09
2025-11-25,PROD-101,Apple iPhone 15 (128GB),73141.45
2025-11-26,PROD-101,Apple iPhone 15 (128GB),73314.69
2025-11-27,PROD-101,Apple iPhone 15 (128GB),73191.01
2025-11-28,PROD-101,Apple iPhone 15 (128GB),72675.25
2025-11-29,PROD-101,Apple iPhone 15 (128GB),71424.66
2025-11-30,PROD-101,Apple iPhone 15 (128GB),71036.34
2025-12-01,PROD-101,Apple iPhone 15 (128GB),77403.46
2025-12-02,PROD-101,Apple iPhone 15 (128GB),77254.37
2025-12-03,PROD-101,Apple iPhone 15 (128GB),76807.44
2025-12-04,PROD-101,Apple iPhone 15 (128GB),76609.71
2025-12-05,PROD-101,Apple iPhone 15 (128GB),76752.3
2025-12-06,PROD-101,Apple iPhone 15 (128GB),75249.77
2025-12-07,PROD-101,Apple iPhone 15 (128GB),74844.62
2025-12-08,PROD-101,Apple iPhone 15 (128GB),76137.88
2025-12-09,PROD-101,Apple iPhone 15 (128GB),76228.48
2025-12-10,PROD-101,Apple iPhone 15 (128GB),75976.19
2025-12-11,PROD-101,Apple iPhone 15 (128GB),75752.68
2025-12-12,PROD-101,Apple iPhone 15 (128GB),75856.72
2025-12-13,PROD-101,Apple iPhone 15 (128GB),74001.01
2025-12-14,PROD-101,Apple iPhone 15 (128GB),73394.94
2025-12-15,PROD-101,Apple iPhone 15 (128GB),74327.72
2025-12-16,PROD-101,Apple iPhone 15 (128GB),74302.55
2025-12-17,PROD-101,Apple iPhone 15 (128GB),74514.59
2025-12-18,PROD-101,Apple iPhone 15 (128GB),75240.03
2025-12-19,PROD-101,Apple iPhone 15 (128GB),75651.23
2025-12-20,PROD-101,Apple iPhone 15 (128GB),74385.46
2025-12-21,PROD-101,Apple iPhone 15 (128GB),74384.96
2025-12-22,PROD-101,Apple iPhone 15 (128GB),75140.41
2025-12-23,PROD-101,Apple iPhone 15 (128GB),75162.32
2025-12-24,PROD-101,Apple iPhone 15 (128GB),75061.57
2025-12-25,PROD-101,Apple iPhone 15 (128GB),75240.97
2025-12-26,PROD-101,Apple iPhone 15 (128GB),74893.93
2025-12-27,PROD-101,Apple iPhone 15 (128GB),73971.7
2025-12-28,PROD-101,Apple iPhone 15 (128GB),74690.18
2025-12-29,PROD-101,Apple iPhone 15 (128GB),75832.57
2025-12-30,PROD-101,Apple iPhone 15 (128GB),76008.97
2025-12-31,PROD-101,Apple iPhone 15 (128GB),76306.35
2025-01-01,PROD-102,Samsung Galaxy S24 (256GB),74603.39
2025-01-02,PROD-102,Samsung Galaxy S24 (256GB),74540.22
2025-01-03,PROD-102,Samsung Galaxy S24 (256GB),74374.46
2025-01-04,PROD-102,Samsung Galaxy S24 (256GB),73134.54
2025-01-05,PROD-102,Samsung Galaxy S24 (256GB),72590.01
2025-01-06,PROD-102,Samsung Galaxy S24 (256GB),73596.46
2025-01-07,PROD-102,Samsung Galaxy S24 (256GB),73720.59
2025-01-08,PROD-102,Samsung Galaxy S24 (256GB),74315.08
2025-01-09,PROD-102,Samsung Galaxy S24 (256GB),74633.91
2025-01-10,PROD-102,Samsung Galaxy S24 (256GB),75533.76
2025-01-11,PROD-102,Samsung Galaxy S24 (256GB),73803.37
2025-01-12,PROD-102,Samsung Galaxy S24 (256GB),74048.06
2025-01-13,PROD-102,Samsung Galaxy S24 (256GB),75061.02
2025-01-14,PROD-102,Samsung Galaxy S24 (256GB),75957.82
2025-01-15,PROD-102,Samsung Galaxy S24 (256GB),75310.73
2025-01-16,PROD-102,Samsung Galaxy S24 (256GB),74680.29
2025-01-17,PROD-102,Samsung Galaxy S24 (256GB),74201.53
2025-01-18,PROD-102,Samsung Galaxy S24 (256GB),71859.47
2025-01-19,PROD-102,Samsung Galaxy S24 (256GB),71502.33
2025-01-20,PROD-102,Samsung Galaxy S24 (256GB),72171.33
2025-01-21,PROD-102,Samsung Galaxy S24 (256GB),72192.92
2025-01-22,PROD-102,Samsung Galaxy S24 (256GB),72309.1
2025-01-23,PROD-102,Samsung Galaxy S24 (256GB),73186.68
2025-01-24,PROD-102,Samsung Galaxy S24 (256GB),73557.51
2025-01-25,PROD-102,Samsung Galaxy S24 (256GB),72021.15
2025-01-26,PROD-102,Samsung Galaxy S24 (256GB),71469.59
2025-01-27,PROD-102,Samsung Galaxy S24 (256GB),72765.76
2025-01-28,PROD-102,Samsung Galaxy S24 (256GB),72022.31
2025-01-29,PROD-102,Samsung Galaxy S24 (256GB),72891.87
2025-01-30,PROD-102,Samsung Galaxy S24 (256GB),73391.95
2025-01-31,PROD-102,Samsung Galaxy S24 (256GB),73042.72
2025-02-01,PROD-102,Samsung Galaxy S24 (256GB),70963.99
2025-02-02,PROD-102,Samsung Galaxy S24 (256GB),71591.43
2025-02-03,PROD-102,Samsung Galaxy S24 (256GB),72578.27
2025-02-04,PROD-102,Samsung Galaxy S24 (256GB),73123.22
2025-02-05,PROD-102,Samsung Galaxy S24 (256GB),72224.8
2025-02-06,PROD-102,Samsung Galaxy S24 (256GB),71868.82
2025-02-07,PROD-102,Samsung Galaxy S24 (256GB),71832.96
2025-02-08,PROD-102,Samsung Galaxy S24 (256GB),70694.77
2025-02-09,PROD-102,Samsung Galaxy S24 (256GB),70433.7
2025-02-10,PROD-102,Samsung Galaxy S24 (256GB),71847.13
2025-02-11,PROD-102,Samsung Galaxy S24 (256GB),71275.91
2025-02-12,PROD-102,Samsung Galaxy S24 (256GB),71195.88
2025-02-13,PROD-102,Samsung Galaxy S24 (256GB),71251.19
2025-02-14,PROD-102,Samsung Galaxy S24 (256GB),71500.8
2025-02-15,PROD-102,Samsung Galaxy S24 (256GB),70711.53
2025-02-16,PROD-102,Samsung Galaxy S24 (256GB),70112.34
2025-02-17,PROD-102,Samsung Galaxy S24 (256GB),70463.35
2025-02-18,PROD-102,Samsung Galaxy S24 (256GB),71133.98
2025-02-19,PROD-102,Samsung Galaxy S24 (256GB),71298.39
2025-02-20,PROD-102,Samsung Galaxy S24 (256GB),70914.18
2025-02-21,PROD-102,Samsung Galaxy S24 (256GB),71699.0
2025-02-22,PROD-102,Samsung Galaxy S24 (256GB),70601.85
2025-02-23,PROD-102,Samsung Galaxy S24 (256GB),71160.11
2025-02-24,PROD-102,Samsung Galaxy S24 (256GB),72259.55
2025-02-25,PROD-102,Samsung Galaxy S24 (256GB),73231.9
2025-02-26,PROD-102,Samsung Galaxy S24 (256GB),74002.93
2025-02-27,PROD-102,Samsung Galaxy S24 (256GB),73733.25
2025-02-28,PROD-102,Samsung Galaxy S24 (256GB),74087.33
2025-03-01,PROD-102,Samsung Galaxy S24 (256GB),73135.62
2025-03-02,PROD-102,Samsung Galaxy S24 (256GB),73661.86
2025-03-03,PROD-102,Samsung Galaxy S24 (256GB),74119.99
2025-03-04,PROD-102,Samsung Galaxy S24 (256GB),74311.97
2025-03-05,PROD-102,Samsung Galaxy S24 (256GB),74680.54
2025-03-06,PROD-102,Samsung Galaxy S24 (256GB),73622.09
2025-03-07,PROD-102,Samsung Galaxy S24 (256GB),72904.31
2025-03-08,PROD-102,Samsung Galaxy S24 (256GB),70669.45
2025-03-09,PROD-102,Samsung Galaxy S24 (256GB),70499.97
2025-03-10,PROD-102,Samsung Galaxy S24 (256GB),71957.44
2025-03-11,PROD-102,Samsung Galaxy S24 (256GB),72665.69
2025-03-12,PROD-102,Samsung Galaxy S24 (256GB),72624.41
2025-03-13,PROD-102,Samsung Galaxy S24 (256GB),73362.45
2025-03-14,PROD-102,Samsung Galaxy S24 (256GB),72559.23
2025-03-15,PROD-102,Samsung Galaxy S24 (256GB),70509.54
2025-03-16,PROD-102,Samsung Galaxy S24 (256GB),70455.0
2025-03-17,PROD-102,Samsung Galaxy S24 (256GB),71747.97
2025-03-18,PROD-102,Samsung Galaxy S24 (256GB),71699.17
2025-03-19,PROD-102,Samsung Galaxy S24 (256GB),70635.45
2025-03-20,PROD-102,Samsung Galaxy S24 (256GB),70614.07
2025-03-21,PROD-102,Samsung Galaxy S24 (256GB),69986.08
2025-03-22,PROD-102,Samsung Galaxy S24 (256GB),69251.58
2025-03-23,PROD-102,Samsung Galaxy S24 (256GB),69471.01
2025-03-24,PROD-102,Samsung Galaxy S24 (256GB),70151.2
2025-03-25,PROD-102,Samsung Galaxy S24 (256GB),69941.66
2025-03-26,PROD-102,Samsung Galaxy S24 (256GB),69469.93
2025-03-27,PROD-102,Samsung Galaxy S24 (256GB),69520.04
2025-03-28,PROD-102,Samsung Galaxy S24 (256GB),70076.56
2025-03-29,PROD-102,Samsung Galaxy S24 (256GB),68509.84
2025-03-30,PROD-102,Samsung Galaxy S24 (256GB),68835.07
2025-03-31,PROD-102,Samsung Galaxy S24 (256GB),69751.88
2025-04-01,PROD-102,Samsung Galaxy S24 (256GB),69422.8
2025-04-02,PROD-102,Samsung Galaxy S24 (256GB),69453.1
2025-04-03,PROD-102,Samsung Galaxy S24 (256GB),69017.78
2025-04-04,PROD-102,Samsung Galaxy S24 (256GB),68845.02
2025-04-05,PROD-102,Samsung Galaxy S24 (256GB),67233.79
2025-04-06,PROD-102,Samsung Galaxy S24 (256GB),68353.17
2025-04-07,PROD-102,Samsung Galaxy S24 (256GB),69576.83
2025-04-08,PROD-102,Samsung Galaxy S24 (256GB),69303.08
2025-04-09,PROD-102,Samsung Galaxy S24 (256GB),69499.87
2025-04-10,PROD-102,Samsung Galaxy S24 (256GB),69523.66
2025-04-11,PROD-102,Samsung Galaxy S24 (256GB),69491.95
2025-04-12,PROD-102,Samsung Galaxy S24 (256GB),68754.4
2025-04-13,PROD-102,Samsung Galaxy S24 (256GB),69194.14
2025-04-14,PROD-102,Samsung Galaxy S24 (256GB),70092.87
2025-04-15,PROD-102,Samsung Galaxy S24 (256GB),69855.27
2025-04-16,PROD-102,Samsung Galaxy S24 (256GB),69779.93
2025-04-17,PROD-102,Samsung Galaxy S24 (256GB),68694.93
2025-04-18,PROD-102,Samsung Galaxy S24 (256GB),68057.54
2025-04-19,PROD-102,Samsung Galaxy S24 (256GB),67768.07
2025-04-20,PROD-102,Samsung Galaxy S24 (256GB),68700.85
2025-04-21,PROD-102,Samsung Galaxy S24 (256GB),69764.98
2025-04-22,PROD-102,Samsung Galaxy S24 (256GB),70119.96
2025-04-23,PROD-102,Samsung Galaxy S24 (256GB),70324.54
2025-04-24,PROD-102,Samsung Galaxy S24 (256GB),71902.71
2025-04-25,PROD-102,Samsung Galaxy S24 (256GB),72422.31
2025-04-26,PROD-102,Samsung Galaxy S24 (256GB),71167.2
2025-04-27,PROD-102,Samsung Galaxy S24 (256GB),70629.78
2025-04-28,PROD-102,Samsung Galaxy S24 (256GB),70918.75
2025-04-29,PROD-102,Samsung Galaxy S24 (256GB),71029.5
2025-04-30,PROD-102,Samsung Galaxy S24 (256GB),70654.8
2025-05-01,PROD-102,Samsung Galaxy S24 (256GB),69965.89
2025-05-02,PROD-102,Samsung Galaxy S24 (256GB),69699.26
2025-05-03,PROD-102,Samsung Galaxy S24 (256GB),68103.49
2025-05-04,PROD-102,Samsung Galaxy S24 (256GB),69040.59
2025-05-05,PROD-102,Samsung Galaxy S24 (256GB),70653.07
2025-05-06,PROD-102,Samsung Galaxy S24 (256GB),70671.38
2025-05-07,PROD-102,Samsung Galaxy S24 (256GB),71432.74
2025-05-08,PROD-102,Samsung Galaxy S24 (256GB),71454.74
2025-05-09,PROD-102,Samsung Galaxy S24 (256GB),71006.31
2025-05-10,PROD-102,Samsung Galaxy S24 (256GB),70647.52
2025-05-11,PROD-102,Samsung Galaxy S24 (256GB),70883.31
2025-05-12,PROD-102,Samsung Galaxy S24 (256GB),71444.21
2025-05-13,PROD-102,Samsung Galaxy S24 (256GB),71331.78
2025-05-14,PROD-102,Samsung Galaxy S24 (256GB),70882.33
2025-05-15,PROD-102,Samsung Galaxy S24 (256GB),70201.77
2025-05-16,PROD-102,Samsung Galaxy S24 (256GB),70709.72
2025-05-17,PROD-102,Samsung Galaxy S24 (256GB),70558.91
2025-05-18,PROD-102,Samsung Galaxy S24 (256GB),69830.39
2025-05-19,PROD-102,Samsung Galaxy S24 (256GB),71244.04
2025-05-20,PROD-102,Samsung Galaxy S24 (256GB),70911.47
2025-05-21,PROD-102,Samsung Galaxy S24 (256GB),70677.29
2025-05-22,PROD-102,Samsung Galaxy S24 (256GB),70402.18
2025-05-23,PROD-102,Samsung Galaxy S24 (256GB),70005.03
2025-05-24,PROD-102,Samsung Galaxy S24 (256GB),68959.0
2025-05-25,PROD-102,Samsung Galaxy S24 (256GB),68594.28
2025-05-26,PROD-102,Samsung Galaxy S24 (256GB),69923.48
2025-05-27,PROD-102,Samsung Galaxy S24 (256GB),69957.14
2025-05-28,PROD-102,Samsung Galaxy S24 (256GB),69894.76
2025-05-29,PROD-102,Samsung Galaxy S24 (256GB),69501.2
2025-05-30,PROD-102,Samsung Galaxy S24 (256GB),69292.7
2025-05-31,PROD-102,Samsung Galaxy S24 (256GB),68635.73
2025-06-01,PROD-102,Samsung Galaxy S24 (256GB),68953.11
2025-06-02,PROD-102,Samsung Galaxy S24 (256GB),69640.36
2025-06-03,PROD-102,Samsung Galaxy S24 (256GB),69762.96
2025-06-04,PROD-102,Samsung Galaxy S24 (256GB),70205.46
2025-06-05,PROD-102,Samsung Galaxy S24 (256GB),69415.44
2025-06-06,PROD-102,Samsung Galaxy S24 (256GB),69771.3
2025-06-07,PROD-102,Samsung Galaxy S24 (256GB),68381.39
2025-06-08,PROD-102,Samsung Galaxy S24 (256GB),68746.32
2025-06-09,PROD-102,Samsung Galaxy S24 (256GB),69551.07
2025-06-10,PROD-102,Samsung Galaxy S24 (256GB),68726.02
2025-06-11,PROD-102,Samsung Galaxy S24 (256GB),68030.9
2025-06-12,PROD-102,Samsung Galaxy S24 (256GB),68208.35
2025-06-13,PROD-102,Samsung Galaxy S24 (256GB),68482.75
2025-06-14,PROD-102,Samsung Galaxy S24 (256GB),67036.42
2025-06-15,PROD-102,Samsung Galaxy S24 (256GB),67502.6
2025-06-16,PROD-102,Samsung Galaxy S24 (256GB),67920.4
2025-06-17,PROD-102,Samsung Galaxy S24 (256GB),68046.29
2025-06-18,PROD-102,Samsung Galaxy S24 (256GB),67593.42
2025-06-19,PROD-102,Samsung Galaxy S24 (256GB),67442.78
2025-06-20,PROD-102,Samsung Galaxy S24 (256GB),67649.3
2025-06-21,PROD-102,Samsung Galaxy S24 (256GB),66266.59
2025-06-22,PROD-102,Samsung Galaxy S24 (256GB),66259.69
2025-06-23,PROD-102,Samsung Galaxy S24 (256GB),68073.54
2025-06-24,PROD-102,Samsung Galaxy S24 (256GB),67936.37
2025-06-25,PROD-102,Samsung Galaxy S24 (256GB),68512.35
2025-06-26,PROD-102,Samsung Galaxy S24 (256GB),68076.83
2025-06-27,PROD-102,Samsung Galaxy S24 (256GB),68492.84
2025-06-28,PROD-102,Samsung Galaxy S24 (256GB),68218.95
2025-06-29,PROD-102,Samsung Galaxy S24 (256GB),67070.89
2025-06-30,PROD-102,Samsung Galaxy S24 (256GB),67942.58
2025-07-01,PROD-102,Samsung Galaxy S24 (256GB),68388.94
2025-07-02,PROD-102,Samsung Galaxy S24 (256GB),68422.93
2025-07-03,PROD-102,Samsung Galaxy S24 (256GB),68742.31
2025-07-04,PROD-102,Samsung Galaxy S24 (256GB),68558.15
2025-07-05,PROD-102,Samsung Galaxy S24 (256GB),67603.51
2025-07-06,PROD-102,Samsung Galaxy S24 (256GB),67644.19
2025-07-07,PROD-102,Samsung Galaxy S24 (256GB),69469.56
2025-07-08,PROD-102,Samsung Galaxy S24 (256GB),69678.25
2025-07-09,PROD-102,Samsung Galaxy S24 (256GB),69918.09
2025-07-10,PROD-102,Samsung Galaxy S24 (256GB),69771.2
2025-07-11,PROD-102,Samsung Galaxy S24 (256GB),69593.79
2025-07-12,PROD-102,Samsung Galaxy S24 (256GB),68327.79
2025-07-13,PROD-102,Samsung Galaxy S24 (256GB),68607.33
2025-07-14,PROD-102,Samsung Galaxy S24 (256GB),69590.16
2025-07-15,PROD-102,Samsung Galaxy S24 (256GB),69810.49
2025-07-16,PROD-102,Samsung Galaxy S24 (256GB),70912.62
2025-07-17,PROD-102,Samsung Galaxy S24 (256GB),71357.5
2025-07-18,PROD-102,Samsung Galaxy S24 (256GB),71181.57
2025-07-19,PROD-102,Samsung Galaxy S24 (256GB),70653.06
2025-07-20,PROD-102,Samsung Galaxy S24 (256GB),70415.08
2025-07-21,PROD-102,Samsung Galaxy S24 (256GB),70498.95
2025-07-22,PROD-102,Samsung Galaxy S24 (256GB),70024.91
2025-07-23,PROD-102,Samsung Galaxy S24 (256GB),69143.22
2025-07-24,PROD-102,Samsung Galaxy S24 (256GB),69065.26
2025-07-25,PROD-102,Samsung Galaxy S24 (256GB),69176.16
2025-07-26,PROD-102,Samsung Galaxy S24 (256GB),68985.53
2025-07-27,PROD-102,Samsung Galaxy S24 (256GB),69198.42
2025-07-28,PROD-102,Samsung Galaxy S24 (256GB),70252.64
2025-07-29,PROD-102,Samsung Galaxy S24 (256GB),70709.66
2025-07-30,PROD-102,Samsung Galaxy S24 (256GB),69623.57
2025-07-31,PROD-102,Samsung Galaxy S24 (256GB),69815.15
2025-08-01,PROD-102,Samsung Galaxy S24 (256GB),70264.78
2025-08-02,PROD-102,Samsung Galaxy S24 (256GB),68442.21
2025-08-03,PROD-102,Samsung Galaxy S24 (256GB),69090.68
2025-08-04,PROD-102,Samsung Galaxy S24 (256GB),70429.08
2025-08-05,PROD-102,Samsung Galaxy S24 (256GB),70254.94
2025-08-06,PROD-102,Samsung Galaxy S24 (256GB),70613.54
2025-08-07,PROD-102,Samsung Galaxy S24 (256GB),71773.16
2025-08-08,PROD-102,Samsung Galaxy S24 (256GB),71830.39
2025-08-09,PROD-102,Samsung Galaxy S24 (256GB),70792.94
2025-08-10,PROD-102,Samsung Galaxy S24 (256GB),70522.32
2025-08-11,PROD-102,Samsung Galaxy S24 (256GB),71194.97
2025-08-12,PROD-102,Samsung Galaxy S24 (256GB),71605.34
2025-08-13,PROD-102,Samsung Galaxy S24 (256GB),71151.99
2025-08-14,PROD-102,Samsung Galaxy S24 (256GB),71185.12
2025-08-15,PROD-102,Samsung Galaxy S24 (256GB),70941.99
2025-08-16,PROD-102,Samsung Galaxy S24 (256GB),70064.35
2025-08-17,PROD-102,Samsung Galaxy S24 (256GB),70226.66
2025-08-18,PROD-102,Samsung Galaxy S24 (256GB),71857.79
2025-08-19,PROD-102,Samsung Galaxy S24 (256GB),71564.84
2025-08-20,PROD-102,Samsung Galaxy S24 (256GB),71406.62
2025-08-21,PROD-102,Samsung Galaxy S24 (256GB),70901.86
2025-08-22,PROD-102,Samsung Galaxy S24 (256GB),70689.57
2025-08-23,PROD-102,Samsung Galaxy S24 (256GB),69773.71
2025-08-24,PROD-102,Samsung Galaxy S24 (256GB),70162.22
2025-08-25,PROD-102,Samsung Galaxy S24 (256GB),70816.72
2025-08-26,PROD-102,Samsung Galaxy S24 (256GB),71265.64
2025-08-27,PROD-102,Samsung Galaxy S24 (256GB),71935.13
2025-08-28,PROD-102,Samsung Galaxy S24 (256GB),72100.04
2025-08-29,PROD-102,Samsung Galaxy S24 (256GB),72988.39
2025-08-30,PROD-102,Samsung Galaxy S24 (256GB),71382.04
2025-08-31,PROD-102,Samsung Galaxy S24 (256GB),70689.32
2025-09-01,PROD-102,Samsung Galaxy S24 (256GB),70889.18
2025-09-02,PROD-102,Samsung Galaxy S24 (256GB),71647.69
2025-09-03,PROD-102,Samsung Galaxy S24 (256GB),71947.44
2025-09-04,PROD-102,Samsung Galaxy S24 (256GB),71877.23
2025-09-05,PROD-102,Samsung Galaxy S24 (256GB),71978.31
2025-09-06,PROD-102,Samsung Galaxy S24 (256GB),70246.62
2025-09-07,PROD-102,Samsung Galaxy S24 (256GB),71455.86
2025-09-08,PROD-102,Samsung Galaxy S24 (256GB),72571.37
2025-09-09,PROD-102,Samsung Galaxy S24 (256GB),72552.45
2025-09-10,PROD-102,Samsung Galaxy S24 (256GB),72842.66
2025-09-11,PROD-102,Samsung Galaxy S24 (256GB),72995.99
2025-09-12,PROD-102,Samsung Galaxy S24 (256GB),73013.08
2025-09-13,PROD-102,Samsung Galaxy S24 (256GB),71397.16
2025-09-14,PROD-102,Samsung Galaxy S24 (256GB),71561.74
2025-09-15,PROD-102,Samsung Galaxy S24 (256GB),73548.35
2025-09-16,PROD-102,Samsung Galaxy S24 (256GB),74098.6
2025-09-17,PROD-102,Samsung Galaxy S24 (256GB),74745.21
2025-09-18,PROD-102,Samsung Galaxy S24 (256GB),74307.3
2025-09-19,PROD-102,Samsung Galaxy S24 (256GB),73652.08
2025-09-20,PROD-102,Samsung Galaxy S24 (256GB),72336.55
2025-09-21,PROD-102,Samsung Galaxy S24 (256GB),72246.29
2025-09-22,PROD-102,Samsung Galaxy S24 (256GB),73804.76
2025-09-23,PROD-102,Samsung Galaxy S24 (256GB),72823.24
2025-09-24,PROD-102,Samsung Galaxy S24 (256GB),73501.81
2025-09-25,PROD-102,Samsung Galaxy S24 (256GB),73302.67
2025-09-26,PROD-102,Samsung Galaxy S24 (256GB),72979.05
2025-09-27,PROD-102,Samsung Galaxy S24 (256GB),71254.01
2025-09-28,PROD-102,Samsung Galaxy S24 (256GB),70362.58
2025-09-29,PROD-102,Samsung Galaxy S24 (256GB),71879.73
2025-09-30,PROD-102,Samsung Galaxy S24 (256GB),71877.35
2025-10-01,PROD-102,Samsung Galaxy S24 (256GB),71193.46
2025-10-02,PROD-102,Samsung Galaxy S24 (256GB),70541.2
2025-10-03,PROD-102,Samsung Galaxy S24 (256GB),70401.2
2025-10-04,PROD-102,Samsung Galaxy S24 (256GB),70145.62
2025-10-05,PROD-102,Samsung Galaxy S24 (256GB),70007.24
2025-10-06,PROD-102,Samsung Galaxy S24 (256GB),70379.0
2025-10-07,PROD-102,Samsung Galaxy S24 (256GB),70292.13
2025-10-08,PROD-102,Samsung Galaxy S24 (256GB),70196.11
2025-10-09,PROD-102,Samsung Galaxy S24 (256GB),68892.82
2025-10-10,PROD-102,Samsung Galaxy S24 (256GB),68975.98
2025-10-11,PROD-102,Samsung Galaxy S24 (256GB),67841.68
2025-10-12,PROD-102,Samsung Galaxy S24 (256GB),68296.41
2025-10-13,PROD-102,Samsung Galaxy S24 (256GB),70429.75
2025-10-14,PROD-102,Samsung Galaxy S24 (256GB),71026.5
2025-10-15,PROD-102,Samsung Galaxy S24 (256GB),66395.74
2025-10-16,PROD-102,Samsung Galaxy S24 (256GB),65852.65
2025-10-17,PROD-102,Samsung Galaxy S24 (256GB),67176.65
2025-10-18,PROD-102,Samsung Galaxy S24 (256GB),66052.4
2025-10-19,PROD-102,Samsung Galaxy S24 (256GB),66030.45
2025-10-20,PROD-102,Samsung Galaxy S24 (256GB),67115.56
2025-10-21,PROD-102,Samsung Galaxy S24 (256GB),67188.78
2025-10-22,PROD-102,Samsung Galaxy S24 (256GB),67087.11
2025-10-23,PROD-102,Samsung Galaxy S24 (256GB),66775.88
2025-10-24,PROD-102,Samsung Galaxy S24 (256GB),66493.61
2025-10-25,PROD-102,Samsung Galaxy S24 (256GB),65357.53
2025-10-26,PROD-102,Samsung Galaxy S24 (256GB),69591.58
2025-10-27,PROD-102,Samsung Galaxy S24 (256GB),70379.27
2025-10-28,PROD-102,Samsung Galaxy S24 (256GB),70468.47
2025-10-29,PROD-102,Samsung Galaxy S24 (256GB),70372.52
2025-10-30,PROD-102,Samsung Galaxy S24 (256GB),71160.84
2025-10-31,PROD-102,Samsung Galaxy S24 (256GB),69832.26
2025-11-01,PROD-102,Samsung Galaxy S24 (256GB),69316.37
2025-11-02,PROD-102,Samsung Galaxy S24 (256GB),69972.3
2025-11-03,PROD-102,Samsung Galaxy S24 (256GB),70060.68
2025-11-04,PROD-102,Samsung Galaxy S24 (256GB),69941.25
2025-11-05,PROD-102,Samsung Galaxy S24 (256GB),69813.42
2025-11-06,PROD-102,Samsung Galaxy S24 (256GB),69173.95
2025-11-07,PROD-102,Samsung Galaxy S24 (256GB),68881.29
2025-11-08,PROD-102,Samsung Galaxy S24 (256GB),67311.91
2025-11-09,PROD-102,Samsung Galaxy S24 (256GB),68321.15
2025-11-10,PROD-102,Samsung Galaxy S24 (256GB),69996.62
2025-11-11,PROD-102,Samsung Galaxy S24 (256GB),70687.52
2025-11-12,PROD-102,Samsung Galaxy S24 (256GB),71068.93
2025-11-13,PROD-102,Samsung Galaxy S24 (256GB),70505.91
2025-11-14,PROD-102,Samsung Galaxy S24 (256GB),70273.31
2025-11-15,PROD-102,Samsung Galaxy S24 (256GB),69434.3
2025-11-16,PROD-102,Samsung Galaxy S24 (256GB),68850.22
2025-11-17,PROD-102,Samsung Galaxy S24 (256GB),70387.9
2025-11-18,PROD-102,Samsung Galaxy S24 (256GB),70303.3
2025-11-19,PROD-102,Samsung Galaxy S24 (256GB),70155.67
2025-11-20,PROD-102,Samsung Galaxy S24 (256GB),70558.32
2025-11-21,PROD-102,Samsung Galaxy S24 (256GB),70807.49
2025-11-22,PROD-102,Samsung Galaxy S24 (256GB),69516.6
2025-11-23,PROD-102,Samsung Galaxy S24 (256GB),70119.14
2025-11-24,PROD-102,Samsung Galaxy S24 (256GB),66196.4
2025-11-25,PROD-102,Samsung Galaxy S24 (256GB),66524.5
2025-11-26,PROD-102,Samsung Galaxy S24 (256GB),66824.78
2025-11-27,PROD-102,Samsung Galaxy S24 (256GB),66658.73
2025-11-28,PROD-102,Samsung Galaxy S24 (256GB),66818.81
2025-11-29,PROD-102,Samsung Galaxy S24 (256GB),65057.29
2025-11-30,PROD-102,Samsung Galaxy S24 (256GB),65540.14
2025-12-01,PROD-102,Samsung Galaxy S24 (256GB),71069.31
2025-12-02,PROD-102,Samsung Galaxy S24 (256GB),70809.44
2025-12-03,PROD-102,Samsung Galaxy S24 (256GB),71348.42
2025-12-04,PROD-102,Samsung Galaxy S24 (256GB),70983.78
2025-12-05,PROD-102,Samsung Galaxy S24 (256GB),70285.32
2025-12-06,PROD-102,Samsung Galaxy S24 (256GB),68422.7
2025-12-07,PROD-102,Samsung Galaxy S24 (256GB),68803.28
2025-12-08,PROD-102,Samsung Galaxy S24 (256GB),69346.59
2025-12-09,PROD-102,Samsung Galaxy S24 (256GB),70311.61
2025-12-10,PROD-102,Samsung Galaxy S24 (256GB),69310.01
2025-12-11,PROD-102,Samsung Galaxy S24 (256GB),70247.69
2025-12-12,PROD-102,Samsung Galaxy S24 (256GB),70395.77
2025-12-13,PROD-102,Samsung Galaxy S24 (256GB),69257.59
2025-12-14,PROD-102,Samsung Galaxy S24 (256GB),69020.96
2025-12-15,PROD-102,Samsung Galaxy S24 (256GB),70393.17
2025-12-16,PROD-102,Samsung Galaxy S24 (256GB),70409.64
2025-12-17,PROD-102,Samsung Galaxy S24 (256GB),70995.76
2025-12-18,PROD-102,Samsung Galaxy S24 (256GB),71058.04
2025-12-19,PROD-102,Samsung Galaxy S24 (256GB),71135.24
2025-12-20,PROD-102,Samsung Galaxy S24 (256GB),69826.64
2025-12-21,PROD-102,Samsung Galaxy S24 (256GB),69805.54
2025-12-22,PROD-102,Samsung Galaxy S24 (256GB),71092.85
2025-12-23,PROD-102,Samsung Galaxy S24 (256GB),70238.08
2025-12-24,PROD-102,Samsung Galaxy S24 (256GB),69607.04
2025-12-25,PROD-102,Samsung Galaxy S24 (256GB),70053.27
2025-12-26,PROD-102,Samsung Galaxy S24 (256GB),70190.99
2025-12-27,PROD-102,Samsung Galaxy S24 (256GB),69019.42
2025-12-28,PROD-102,Samsung Galaxy S24 (256GB),69076.37
2025-12-29,PROD-102,Samsung Galaxy S24 (256GB),70420.03
2025-12-30,PROD-102,Samsung Galaxy S24 (256GB),70184.1
2025-12-31,PROD-102,Samsung Galaxy S24 (256GB),69840.69
2025-01-01,PROD-103,Sony WH-1000XM5 Headphones,29960.99
2025-01-02,PROD-103,Sony WH-1000XM5 Headphones,29639.87
2025-01-03,PROD-103,Sony WH-1000XM5 Headphones,29681.47
2025-01-04,PROD-103,Sony WH-1000XM5 Headphones,28743.42
2025-01-05,PROD-103,Sony WH-1000XM5 Headphones,28962.57
2025-01-06,PROD-103,Sony WH-1000XM5 Headphones,29481.48
2025-01-07,PROD-103,Sony WH-1000XM5 Headphones,29492.94
2025-01-08,PROD-103,Sony WH-1000XM5 Headphones,29685.49
2025-01-09,PROD-103,Sony WH-1000XM5 Headphones,30039.11
2025-01-10,PROD-103,Sony WH-1000XM5 Headphones,30212.27
2025-01-11,PROD-103,Sony WH-1000XM5 Headphones,29213.12
2025-01-12,PROD-103,Sony WH-1000XM5 Headphones,28831.6
2025-01-13,PROD-103,Sony WH-1000XM5 Headphones,29082.7
2025-01-14,PROD-103,Sony WH-1000XM5 Headphones,29056.61
2025-01-15,PROD-103,Sony WH-1000XM5 Headphones,29154.72
2025-01-16,PROD-103,Sony WH-1000XM5 Headphones,28937.08
2025-01-17,PROD-103,Sony WH-1000XM5 Headphones,28958.44
2025-01-18,PROD-103,Sony WH-1000XM5 Headphones,28293.35
2025-01-19,PROD-103,Sony WH-1000XM5 Headphones,28124.84
2025-01-20,PROD-103,Sony WH-1000XM5 Headphones,28215.81
2025-01-21,PROD-103,Sony WH-1000XM5 Headphones,27995.74
2025-01-22,PROD-103,Sony WH-1000XM5 Headphones,27679.56
2025-01-23,PROD-103,Sony WH-1000XM5 Headphones,27473.14
2025-01-24,PROD-103,Sony WH-1000XM5 Headphones,27784.42
2025-01-25,PROD-103,Sony WH-1000XM5 Headphones,27129.52
2025-01-26,PROD-103,Sony WH-1000XM5 Headphones,27830.17
2025-01-27,PROD-103,Sony WH-1000XM5 Headphones,28410.88
2025-01-28,PROD-103,Sony WH-1000XM5 Headphones,28458.07
2025-01-29,PROD-103,Sony WH-1000XM5 Headphones,28242.1
2025-01-30,PROD-103,Sony WH-1000XM5 Headphones,28426.6
2025-01-31,PROD-103,Sony WH-1000XM5 Headphones,28282.89
2025-02-01,PROD-103,Sony WH-1000XM5 Headphones,27870.92
2025-02-02,PROD-103,Sony WH-1000XM5 Headphones,28516.43
2025-02-03,PROD-103,Sony WH-1000XM5 Headphones,28915.48
2025-02-04,PROD-103,Sony WH-1000XM5 Headphones,29178.55
2025-02-05,PROD-103,Sony WH-1000XM5 Headphones,28965.35
2025-02-06,PROD-103,Sony WH-1000XM5 Headphones,28929.86
2025-02-07,PROD-103,Sony WH-1000XM5 Headphones,29347.6
2025-02-08,PROD-103,Sony WH-1000XM5 Headphones,28695.15
2025-02-09,PROD-103,Sony WH-1000XM5 Headphones,29112.54
2025-02-10,PROD-103,Sony WH-1000XM5 Headphones,29682.73
2025-02-11,PROD-103,Sony WH-1000XM5 Headphones,29479.51
2025-02-12,PROD-103,Sony WH-1000XM5 Headphones,29585.16
2025-02-13,PROD-103,Sony WH-1000XM5 Headphones,29770.57
2025-02-14,PROD-103,Sony WH-1000XM5 Headphones,29859.02
2025-02-15,PROD-103,Sony WH-1000XM5 Headphones,28945.18
2025-02-16,PROD-103,Sony WH-1000XM5 Headphones,28715.17
2025-02-17,PROD-103,Sony WH-1000XM5 Headphones,29066.42
2025-02-18,PROD-103,Sony WH-1000XM5 Headphones,29016.02
2025-02-19,PROD-103,Sony WH-1000XM5 Headphones,29141.91
2025-02-20,PROD-103,Sony WH-1000XM5 Headphones,29150.77
2025-02-21,PROD-103,Sony WH-1000XM5 Headphones,28780.92
2025-02-22,PROD-103,Sony WH-1000XM5 Headphones,28408.6
2025-02-23,PROD-103,Sony WH-1000XM5 Headphones,28539.85
2025-02-24,PROD-103,Sony WH-1000XM5 Headphones,29101.69
2025-02-25,PROD-103,Sony WH-1000XM5 Headphones,29338.32
2025-02-26,PROD-103,Sony WH-1000XM5 Headphones,29501.41
2025-02-27,PROD-103,Sony WH-1000XM5 Headphones,29562.66
2025-02-28,PROD-103,Sony WH-1000XM5 Headphones,29488.51
2025-03-01,PROD-103,Sony WH-1000XM5 Headphones,28570.52
2025-03-02,PROD-103,Sony WH-1000XM5 Headphones,28648.44
2025-03-03,PROD-103,Sony WH-1000XM5 Headphones,29116.82
2025-03-04,PROD-103,Sony WH-1000XM5 Headphones,29150.4
2025-03-05,PROD-103,Sony WH-1000XM5 Headphones,28795.22
2025-03-06,PROD-103,Sony WH-1000XM5 Headphones,28506.72
2025-03-07,PROD-103,Sony WH-1000XM5 Headphones,28766.2
2025-03-08,PROD-103,Sony WH-1000XM5 Headphones,28289.68
2025-03-09,PROD-103,Sony WH-1000XM5 Headphones,28444.6
2025-03-10,PROD-103,Sony WH-1000XM5 Headphones,28878.33
2025-03-11,PROD-103,Sony WH-1000XM5 Headphones,28863.38
2025-03-12,PROD-103,Sony WH-1000XM5 Headphones,29076.31
2025-03-13,PROD-103,Sony WH-1000XM5 Headphones,28915.01
2025-03-14,PROD-103,Sony WH-1000XM5 Headphones,28914.81
2025-03-15,PROD-103,Sony WH-1000XM5 Headphones,28325.18
2025-03-16,PROD-103,Sony WH-1000XM5 Headphones,28199.33
2025-03-17,PROD-103,Sony WH-1000XM5 Headphones,28560.96
2025-03-18,PROD-103,Sony WH-1000XM5 Headphones,28609.97
2025-03-19,PROD-103,Sony WH-1000XM5 Headphones,28481.31
2025-03-20,PROD-103,Sony WH-1000XM5 Headphones,28792.71
2025-03-21,PROD-103,Sony WH-1000XM5 Headphones,28550.95
2025-03-22,PROD-103,Sony WH-1000XM5 Headphones,28048.36
2025-03-23,PROD-103,Sony WH-1000XM5 Headphones,27935.04
2025-03-24,PROD-103,Sony WH-1000XM5 Headphones,28748.92
2025-03-25,PROD-103,Sony WH-1000XM5 Headphones,28782.13
2025-03-26,PROD-103,Sony WH-1000XM5 Headphones,29022.51
2025-03-27,PROD-103,Sony WH-1000XM5 Headphones,28621.53
2025-03-28,PROD-103,Sony WH-1000XM5 Headphones,28678.74
2025-03-29,PROD-103,Sony WH-1000XM5 Headphones,28438.88
2025-03-30,PROD-103,Sony WH-1000XM5 Headphones,28436.54
2025-03-31,PROD-103,Sony WH-1000XM5 Headphones,29129.97
2025-04-01,PROD-103,Sony WH-1000XM5 Headphones,28965.68
2025-04-02,PROD-103,Sony WH-1000XM5 Headphones,29291.26
2025-04-03,PROD-103,Sony WH-1000XM5 Headphones,29822.94
2025-04-04,PROD-103,Sony WH-1000XM5 Headphones,29662.61
2025-04-05,PROD-103,Sony WH-1000XM5 Headphones,29039.78
2025-04-06,PROD-103,Sony WH-1000XM5 Headphones,29350.17
2025-04-07,PROD-103,Sony WH-1000XM5 Headphones,30126.44
2025-04-08,PROD-103,Sony WH-1000XM5 Headphones,29910.93
2025-04-09,PROD-103,Sony WH-1000XM5 Headphones,29731.86
2025-04-10,PROD-103,Sony WH-1000XM5 Headphones,29596.35
2025-04-11,PROD-103,Sony WH-1000XM5 Headphones,29201.94
2025-04-12,PROD-103,Sony WH-1000XM5 Headphones,28483.86
2025-04-13,PROD-103,Sony WH-1000XM5 Headphones,28207.67
2025-04-14,PROD-103,Sony WH-1000XM5 Headphones,28454.22
2025-04-15,PROD-103,Sony WH-1000XM5 Headphones,28444.36
2025-04-16,PROD-103,Sony WH-1000XM5 Headphones,28502.22
2025-04-17,PROD-103,Sony WH-1000XM5 Headphones,28886.26
2025-04-18,PROD-103,Sony WH-1000XM5 Headphones,28613.89
2025-04-19,PROD-103,Sony WH-1000XM5 Headphones,28400.95
2025-04-20,PROD-103,Sony WH-1000XM5 Headphones,28326.44
2025-04-21,PROD-103,Sony WH-1000XM5 Headphones,28746.63
2025-04-22,PROD-103,Sony WH-1000XM5 Headphones,28899.53
2025-04-23,PROD-103,Sony WH-1000XM5 Headphones,28595.4
2025-04-24,PROD-103,Sony WH-1000XM5 Headphones,28682.76
2025-04-25,PROD-103,Sony WH-1000XM5 Headphones,28711.76
2025-04-26,PROD-103,Sony WH-1000XM5 Headphones,28370.96
2025-04-27,PROD-103,Sony WH-1000XM5 Headphones,28423.74
2025-04-28,PROD-103,Sony WH-1000XM5 Headphones,29465.26
2025-04-29,PROD-103,Sony WH-1000XM5 Headphones,29254.09
2025-04-30,PROD-103,Sony WH-1000XM5 Headphones,29080.16
2025-05-01,PROD-103,Sony WH-1000XM5 Headphones,28891.89
2025-05-02,PROD-103,Sony WH-1000XM5 Headphones,28729.96
2025-05-03,PROD-103,Sony WH-1000XM5 Headphones,28105.79
2025-05-04,PROD-103,Sony WH-1000XM5 Headphones,28396.79
2025-05-05,PROD-103,Sony WH-1000XM5 Headphones,29180.96
2025-05-06,PROD-103,Sony WH-1000XM5 Headphones,29000.75
2025-05-07,PROD-103,Sony WH-1000XM5 Headphones,28764.15
2025-05-08,PROD-103,Sony WH-1000XM5 Headphones,28865.32
2025-05-09,PROD-103,Sony WH-1000XM5 Headphones,28705.52
2025-05-10,PROD-103,Sony WH-1000XM5 Headphones,28400.16
2025-05-11,PROD-103,Sony WH-1000XM5 Headphones,28429.91
2025-05-12,PROD-103,Sony WH-1000XM5 Headphones,28478.37
2025-05-13,PROD-103,Sony WH-1000XM5 Headphones,28862.85
2025-05-14,PROD-103,Sony WH-1000XM5 Headphones,29290.2
2025-05-15,PROD-103,Sony WH-1000XM5 Headphones,29094.02
2025-05-16,PROD-103,Sony WH-1000XM5 Headphones,28963.92
2025-05-17,PROD-103,Sony WH-1000XM5 Headphones,28558.87
2025-05-18,PROD-103,Sony WH-1000XM5 Headphones,28613.57
2025-05-19,PROD-103,Sony WH-1000XM5 Headphones,29196.41
2025-05-20,PROD-103,Sony WH-1000XM5 Headphones,29660.67
2025-05-21,PROD-103,Sony WH-1000XM5 Headphones,29554.92
2025-05-22,PROD-103,Sony WH-1000XM5 Headphones,29299.13
2025-05-23,PROD-103,Sony WH-1000XM5 Headphones,28910.87
2025-05-24,PROD-103,Sony WH-1000XM5 Headphones,28254.27
2025-05-25,PROD-103,Sony WH-1000XM5 Headphones,28232.31
2025-05-26,PROD-103,Sony WH-1000XM5 Headphones,29118.22
2025-05-27,PROD-103,Sony WH-1000XM5 Headphones,28954.43
2025-05-28,PROD-103,Sony WH-1000XM5 Headphones,28984.18
2025-05-29,PROD-103,Sony WH-1000XM5 Headphones,28952.39
2025-05-30,PROD-103,Sony WH-1000XM5 Headphones,29223.4
2025-05-31,PROD-103,Sony WH-1000XM5 Headphones,29365.63
2025-06-01,PROD-103,Sony WH-1000XM5 Headphones,29163.67
2025-06-02,PROD-103,Sony WH-1000XM5 Headphones,29432.01
2025-06-03,PROD-103,Sony WH-1000XM5 Headphones,29642.98
2025-06-04,PROD-103,Sony WH-1000XM5 Headphones,29752.83
2025-06-05,PROD-103,Sony WH-1000XM5 Headphones,30148.39
2025-06-06,PROD-103,Sony WH-1000XM5 Headphones,30208.48
2025-06-07,PROD-103,Sony WH-1000XM5 Headphones,29579.9
2025-06-08,PROD-103,Sony WH-1000XM5 Headphones,29647.61
2025-06-09,PROD-103,Sony WH-1000XM5 Headphones,30291.29
2025-06-10,PROD-103,Sony WH-1000XM5 Headphones,30403.37
2025-06-11,PROD-103,Sony WH-1000XM5 Headphones,30431.54
2025-06-12,PROD-103,Sony WH-1000XM5 Headphones,30598.16
2025-06-13,PROD-103,Sony WH-1000XM5 Headphones,30782.1
2025-06-14,PROD-103,Sony WH-1000XM5 Headphones,30560.21
2025-06-15,PROD-103,Sony WH-1000XM5 Headphones,30593.41
2025-06-16,PROD-103,Sony WH-1000XM5 Headphones,30870.85
2025-06-17,PROD-103,Sony WH-1000XM5 Headphones,30785.51
2025-06-18,PROD-103,Sony WH-1000XM5 Headphones,30969.39
2025-06-19,PROD-103,Sony WH-1000XM5 Headphones,30638.21
2025-06-20,PROD-103,Sony WH-1000XM5 Headphones,30619.99
2025-06-21,PROD-103,Sony WH-1000XM5 Headphones,29962.34
2025-06-22,PROD-103,Sony WH-1000XM5 Headphones,29870.44
2025-06-23,PROD-103,Sony WH-1000XM5 Headphones,30545.41
2025-06-24,PROD-103,Sony WH-1000XM5 Headphones,30487.44
2025-06-25,PROD-103,Sony WH-1000XM5 Headphones,30396.21
2025-06-26,PROD-103,Sony WH-1000XM5 Headphones,29957.96
2025-06-27,PROD-103,Sony WH-1000XM5 Headphones,30068.15
2025-06-28,PROD-103,Sony WH-1000XM5 Headphones,29697.79
2025-06-29,PROD-103,Sony WH-1000XM5 Headphones,30152.75
2025-06-30,PROD-103,Sony WH-1000XM5 Headphones,30417.05
2025-07-01,PROD-103,Sony WH-1000XM5 Headphones,30372.51
2025-07-02,PROD-103,Sony WH-1000XM5 Headphones,30337.76
2025-07-03,PROD-103,Sony WH-1000XM5 Headphones,30636.76
2025-07-04,PROD-103,Sony WH-1000XM5 Headphones,30502.62
2025-07-05,PROD-103,Sony WH-1000XM5 Headphones,30018.92
2025-07-06,PROD-103,Sony WH-1000XM5 Headphones,30068.98
2025-07-07,PROD-103,Sony WH-1000XM5 Headphones,30461.07
2025-07-08,PROD-103,Sony WH-1000XM5 Headphones,30247.93
2025-07-09,PROD-103,Sony WH-1000XM5 Headphones,30205.59
2025-07-10,PROD-103,Sony WH-1000XM5 Headphones,30385.24
2025-07-11,PROD-103,Sony WH-1000XM5 Headphones,30030.88
2025-07-12,PROD-103,Sony WH-1000XM5 Headphones,29534.25
2025-07-13,PROD-103,Sony WH-1000XM5 Headphones,29281.54
2025-07-14,PROD-103,Sony WH-1000XM5 Headphones,29965.11
2025-07-15,PROD-103,Sony WH-1000XM5 Headphones,29507.58
2025-07-16,PROD-103,Sony WH-1000XM5 Headphones,29314.0
2025-07-17,PROD-103,Sony WH-1000XM5 Headphones,29364.13
2025-07-18,PROD-103,Sony WH-1000XM5 Headphones,29708.83
2025-07-19,PROD-103,Sony WH-1000XM5 Headphones,29178.63
2025-07-20,PROD-103,Sony WH-1000XM5 Headphones,28979.93
2025-07-21,PROD-103,Sony WH-1000XM5 Headphones,29850.1
2025-07-22,PROD-103,Sony WH-1000XM5 Headphones,29417.12
2025-07-23,PROD-103,Sony WH-1000XM5 Headphones,28818.09
2025-07-24,PROD-103,Sony WH-1000XM5 Headphones,28908.72
2025-07-25,PROD-103,Sony WH-1000XM5 Headphones,28759.29
2025-07-26,PROD-103,Sony WH-1000XM5 Headphones,28037.7
2025-07-27,PROD-103,Sony WH-1000XM5 Headphones,28211.93
2025-07-28,PROD-103,Sony WH-1000XM5 Headphones,28711.17
2025-07-29,PROD-103,Sony WH-1000XM5 Headphones,28556.12
2025-07-30,PROD-103,Sony WH-1000XM5 Headphones,28229.76
2025-07-31,PROD-103,Sony WH-1000XM5 Headphones,28457.91
2025-08-01,PROD-103,Sony WH-1000XM5 Headphones,28619.09
2025-08-02,PROD-103,Sony WH-1000XM5 Headphones,28135.02
2025-08-03,PROD-103,Sony WH-1000XM5 Headphones,28588.96
2025-08-04,PROD-103,Sony WH-1000XM5 Headphones,28740.88
2025-08-05,PROD-103,Sony WH-1000XM5 Headphones,28343.98
2025-08-06,PROD-103,Sony WH-1000XM5 Headphones,28175.33
2025-08-07,PROD-103,Sony WH-1000XM5 Headphones,28176.69
2025-08-08,PROD-103,Sony WH-1000XM5 Headphones,28250.22
2025-08-09,PROD-103,Sony WH-1000XM5 Headphones,27749.07
2025-08-10,PROD-103,Sony WH-1000XM5 Headphones,27848.67
2025-08-11,PROD-103,Sony WH-1000XM5 Headphones,27992.23
2025-08-12,PROD-103,Sony WH-1000XM5 Headphones,28375.09
2025-08-13,PROD-103,Sony WH-1000XM5 Headphones,28357.32
2025-08-14,PROD-103,Sony WH-1000XM5 Headphones,28640.31
2025-08-15,PROD-103,Sony WH-1000XM5 Headphones,28715.5
2025-08-16,PROD-103,Sony WH-1000XM5 Headphones,28365.59
2025-08-17,PROD-103,Sony WH-1000XM5 Headphones,28488.78
2025-08-18,PROD-103,Sony WH-1000XM5 Headphones,29025.15
2025-08-19,PROD-103,Sony WH-1000XM5 Headphones,29156.1
2025-08-20,PROD-103,Sony WH-1000XM5 Headphones,29452.11
2025-08-21,PROD-103,Sony WH-1000XM5 Headphones,29450.16
2025-08-22,PROD-103,Sony WH-1000XM5 Headphones,29576.43
2025-08-23,PROD-103,Sony WH-1000XM5 Headphones,29046.85
2025-08-24,PROD-103,Sony WH-1000XM5 Headphones,29353.57
2025-08-25,PROD-103,Sony WH-1000XM5 Headphones,29565.68
2025-08-26,PROD-103,Sony WH-1000XM5 Headphones,29959.16
2025-08-27,PROD-103,Sony WH-1000XM5 Headphones,29872.69
2025-08-28,PROD-103,Sony WH-1000XM5 Headphones,29442.88
2025-08-29,PROD-103,Sony WH-1000XM5 Headphones,29424.29
2025-08-30,PROD-103,Sony WH-1000XM5 Headphones,28754.49
2025-08-31,PROD-103,Sony WH-1000XM5 Headphones,28925.96
2025-09-01,PROD-103,Sony WH-1000XM5 Headphones,29165.39
2025-09-02,PROD-103,Sony WH-1000XM5 Headphones,29017.1
2025-09-03,PROD-103,Sony WH-1000XM5 Headphones,28515.39
2025-09-04,PROD-103,Sony WH-1000XM5 Headphones,28398.07
2025-09-05,PROD-103,Sony WH-1000XM5 Headphones,27793.72
2025-09-06,PROD-103,Sony WH-1000XM5 Headphones,26979.73
2025-09-07,PROD-103,Sony WH-1000XM5 Headphones,27219.88
2025-09-08,PROD-103,Sony WH-1000XM5 Headphones,27904.22
2025-09-09,PROD-103,Sony WH-1000XM5 Headphones,28036.9
2025-09-10,PROD-103,Sony WH-1000XM5 Headphones,27814.84
2025-09-11,PROD-103,Sony WH-1000XM5 Headphones,27833.7
2025-09-12,PROD-103,Sony WH-1000XM5 Headphones,27862.64
2025-09-13,PROD-103,Sony WH-1000XM5 Headphones,27151.59
2025-09-14,PROD-103,Sony WH-1000XM5 Headphones,27568.89
2025-09-15,PROD-103,Sony WH-1000XM5 Headphones,28258.67
2025-09-16,PROD-103,Sony WH-1000XM5 Headphones,28212.02
2025-09-17,PROD-103,Sony WH-1000XM5 Headphones,28229.67
2025-09-18,PROD-103,Sony WH-1000XM5 Headphones,28291.81
2025-09-19,PROD-103,Sony WH-1000XM5 Headphones,27788.31
2025-09-20,PROD-103,Sony WH-1000XM5 Headphones,27308.78
2025-09-21,PROD-103,Sony WH-1000XM5 Headphones,27171.87
2025-09-22,PROD-103,Sony WH-1000XM5 Headphones,27411.76
2025-09-23,PROD-103,Sony WH-1000XM5 Headphones,27392.42
2025-09-24,PROD-103,Sony WH-1000XM5 Headphones,27893.75
2025-09-25,PROD-103,Sony WH-1000XM5 Headphones,28080.8
2025-09-26,PROD-103,Sony WH-1000XM5 Headphones,27955.49
2025-09-27,PROD-103,Sony WH-1000XM5 Headphones,27672.54
2025-09-28,PROD-103,Sony WH-1000XM5 Headphones,28037.78
2025-09-29,PROD-103,Sony WH-1000XM5 Headphones,28715.94
2025-09-30,PROD-103,Sony WH-1000XM5 Headphones,28716.57
2025-10-01,PROD-103,Sony WH-1000XM5 Headphones,28540.54
2025-10-02,PROD-103,Sony WH-1000XM5 Headphones,28709.59
2025-10-03,PROD-103,Sony WH-1000XM5 Headphones,28794.01
2025-10-04,PROD-103,Sony WH-1000XM5 Headphones,28549.78
2025-10-05,PROD-103,Sony WH-1000XM5 Headphones,28680.12
2025-10-06,PROD-103,Sony WH-1000XM5 Headphones,29357.38
2025-10-07,PROD-103,Sony WH-1000XM5 Headphones,29177.23
2025-10-08,PROD-103,Sony WH-1000XM5 Headphones,29469.25
2025-10-09,PROD-103,Sony WH-1000XM5 Headphones,29466.71
2025-10-10,PROD-103,Sony WH-1000XM5 Headphones,29933.72
2025-10-11,PROD-103,Sony WH-1000XM5 Headphones,29236.41
2025-10-12,PROD-103,Sony WH-1000XM5 Headphones,29607.61
2025-10-13,PROD-103,Sony WH-1000XM5 Headphones,30025.59
2025-10-14,PROD-103,Sony WH-1000XM5 Headphones,29782.98
2025-10-15,PROD-103,Sony WH-1000XM5 Headphones,27794.99
2025-10-16,PROD-103,Sony WH-1000XM5 Headphones,27656.71
2025-10-17,PROD-103,Sony WH-1000XM5 Headphones,27711.47
2025-10-18,PROD-103,Sony WH-1000XM5 Headphones,27338.31
2025-10-19,PROD-103,Sony WH-1000XM5 Headphones,27137.04
2025-10-20,PROD-103,Sony WH-1000XM5 Headphones,27533.01
2025-10-21,PROD-103,Sony WH-1000XM5 Headphones,28023.48
2025-10-22,PROD-103,Sony WH-1000XM5 Headphones,28385.75
2025-10-23,PROD-103,Sony WH-1000XM5 Headphones,28407.1
2025-10-24,PROD-103,Sony WH-1000XM5 Headphones,28327.8
2025-10-25,PROD-103,Sony WH-1000XM5 Headphones,27823.12
2025-10-26,PROD-103,Sony WH-1000XM5 Headphones,29693.81
2025-10-27,PROD-103,Sony WH-1000XM5 Headphones,29802.31
2025-10-28,PROD-103,Sony WH-1000XM5 Headphones,29669.37
2025-10-29,PROD-103,Sony WH-1000XM5 Headphones,29190.28
2025-10-30,PROD-103,Sony WH-1000XM5 Headphones,29252.1
2025-10-31,PROD-103,Sony WH-1000XM5 Headphones,29372.82
2025-11-01,PROD-103,Sony WH-1000XM5 Headphones,28755.06
2025-11-02,PROD-103,Sony WH-1000XM5 Headphones,29109.84
2025-11-03,PROD-103,Sony WH-1000XM5 Headphones,29196.79
2025-11-04,PROD-103,Sony WH-1000XM5 Headphones,28792.38
2025-11-05,PROD-103,Sony WH-1000XM5 Headphones,28830.4
2025-11-06,PROD-103,Sony WH-1000XM5 Headphones,29072.18
2025-11-07,PROD-103,Sony WH-1000XM5 Headphones,29461.08
2025-11-08,PROD-103,Sony WH-1000XM5 Headphones,28844.98
2025-11-09,PROD-103,Sony WH-1000XM5 Headphones,29071.44
2025-11-10,PROD-103,Sony WH-1000XM5 Headphones,29457.12
2025-11-11,PROD-103,Sony WH-1000XM5 Headphones,29362.63
2025-11-12,PROD-103,Sony WH-1000XM5 Headphones,29536.94
2025-11-13,PROD-103,Sony WH-1000XM5 Headphones,29644.7
2025-11-14,PROD-103,Sony WH-1000XM5 Headphones,29189.89
2025-11-15,PROD-103,Sony WH-1000XM5 Headphones,29071.21
2025-11-16,PROD-103,Sony WH-1000XM5 Headphones,29361.71
2025-11-17,PROD-103,Sony WH-1000XM5 Headphones,29586.11
2025-11-18,PROD-103,Sony WH-1000XM5 Headphones,29627.29
2025-11-19,PROD-103,Sony WH-1000XM5 Headphones,29690.95
2025-11-20,PROD-103,Sony WH-1000XM5 Headphones,29693.1
2025-11-21,PROD-103,Sony WH-1000XM5 Headphones,29492.4
2025-11-22,PROD-103,Sony WH-1000XM5 Headphones,28821.55
2025-11-23,PROD-103,Sony WH-1000XM5 Headphones,28773.11
2025-11-24,PROD-103,Sony WH-1000XM5 Headphones,27677.12
2025-11-25,PROD-103,Sony WH-1000XM5 Headphones,27760.72
2025-11-26,PROD-103,Sony WH-1000XM5 Headphones,27611.59
2025-11-27,PROD-103,Sony WH-1000XM5 Headphones,27755.49
2025-11-28,PROD-103,Sony WH-1000XM5 Headphones,26987.14
2025-11-29,PROD-103,Sony WH-1000XM5 Headphones,26806.68
2025-11-30,PROD-103,Sony WH-1000XM5 Headphones,26340.48
2025-12-01,PROD-103,Sony WH-1000XM5 Headphones,28491.16
2025-12-02,PROD-103,Sony WH-1000XM5 Headphones,28208.21
2025-12-03,PROD-103,Sony WH-1000XM5 Headphones,27895.65
2025-12-04,PROD-103,Sony WH-1000XM5 Headphones,28212.6
2025-12-05,PROD-103,Sony WH-1000XM5 Headphones,28106.57
2025-12-06,PROD-103,Sony WH-1000XM5 Headphones,27759.55
2025-12-07,PROD-103,Sony WH-1000XM5 Headphones,27758.87
2025-12-08,PROD-103,Sony WH-1000XM5 Headphones,28339.07
2025-12-09,PROD-103,Sony WH-1000XM5 Headphones,28362.85
2025-12-10,PROD-103,Sony WH-1000XM5 Headphones,28045.49
2025-12-11,PROD-103,Sony WH-1000XM5 Headphones,28313.81
2025-12-12,PROD-103,Sony WH-1000XM5 Headphones,28196.2
2025-12-13,PROD-103,Sony WH-1000XM5 Headphones,27368.92
2025-12-14,PROD-103,Sony WH-1000XM5 Headphones,27292.48
2025-12-15,PROD-103,Sony WH-1000XM5 Headphones,28151.93
2025-12-16,PROD-103,Sony WH-1000XM5 Headphones,28378.42
2025-12-17,PROD-103,Sony WH-1000XM5 Headphones,28293.86
2025-12-18,PROD-103,Sony WH-1000XM5 Headphones,28213.38
2025-12-19,PROD-103,Sony WH-1000XM5 Headphones,28143.82
2025-12-20,PROD-103,Sony WH-1000XM5 Headphones,28227.5
2025-12-21,PROD-103,Sony WH-1000XM5 Headphones,28310.64
2025-12-22,PROD-103,Sony WH-1000XM5 Headphones,28851.5
2025-12-23,PROD-103,Sony WH-1000XM5 Headphones,29088.02
2025-12-24,PROD-103,Sony WH-1000XM5 Headphones,29114.84
2025-12-25,PROD-103,Sony WH-1000XM5 Headphones,29015.87
2025-12-26,PROD-103,Sony WH-1000XM5 Headphones,28937.51
2025-12-27,PROD-103,Sony WH-1000XM5 Headphones,28444.41
2025-12-28,PROD-103,Sony WH-1000XM5 Headphones,28411.92
2025-12-29,PROD-103,Sony WH-1000XM5 Headphones,29022.12
2025-12-30,PROD-103,Sony WH-1000XM5 Headphones,29005.52
2025-12-31,PROD-103,Sony WH-1000XM5 Headphones,29159.93
2025-01-01,PROD-104,Apple MacBook Air M2 (256GB),99591.83
2025-01-02,PROD-104,Apple MacBook Air M2 (256GB),99394.68
2025-01-03,PROD-104,Apple MacBook Air M2 (256GB),97961.29
2025-01-04,PROD-104,Apple MacBook Air M2 (256GB),96849.78
2025-01-05,PROD-104,Apple MacBook Air M2 (256GB),96875.52
2025-01-06,PROD-104,Apple MacBook Air M2 (256GB),98789.38
2025-01-07,PROD-104,Apple MacBook Air M2 (256GB),96847.42
2025-01-08,PROD-104,Apple MacBook Air M2 (256GB),97993.33
2025-01-09,PROD-104,Apple MacBook Air M2 (256GB),97745.17
2025-01-10,PROD-104,Apple MacBook Air M2 (256GB),98258.08
2025-01-11,PROD-104,Apple MacBook Air M2 (256GB),95958.0
2025-01-12,PROD-104,Apple MacBook Air M2 (256GB),96188.1
2025-01-13,PROD-104,Apple MacBook Air M2 (256GB),96905.48
2025-01-14,PROD-104,Apple MacBook Air M2 (256GB),96421.2
2025-01-15,PROD-104,Apple MacBook Air M2 (256GB),97483.82
2025-01-16,PROD-104,Apple MacBook Air M2 (256GB),97230.48
2025-01-17,PROD-104,Apple MacBook Air M2 (256GB),97234.68
2025-01-18,PROD-104,Apple MacBook Air M2 (256GB),96131.74
2025-01-19,PROD-104,Apple MacBook Air M2 (256GB),96282.9
2025-01-20,PROD-104,Apple MacBook Air M2 (256GB),97717.84
2025-01-21,PROD-104,Apple MacBook Air M2 (256GB),97786.19
2025-01-22,PROD-104,Apple MacBook Air M2 (256GB),99074.19
2025-01-23,PROD-104,Apple MacBook Air M2 (256GB),98821.16
2025-01-24,PROD-104,Apple MacBook Air M2 (256GB),98736.03
2025-01-25,PROD-104,Apple MacBook Air M2 (256GB),97666.38
2025-01-26,PROD-104,Apple MacBook Air M2 (256GB),98106.71
2025-01-27,PROD-104,Apple MacBook Air M2 (256GB),100072.43
2025-01-28,PROD-104,Apple MacBook Air M2 (256GB),100187.3
2025-01-29,PROD-104,Apple MacBook Air M2 (256GB),99227.4
2025-01-30,PROD-104,Apple MacBook Air M2 (256GB),99981.34
2025-01-31,PROD-104,Apple MacBook Air M2 (256GB),99029.73
2025-02-01,PROD-104,Apple MacBook Air M2 (256GB),97496.58
2025-02-02,PROD-104,Apple MacBook Air M2 (256GB),96829.53
2025-02-03,PROD-104,Apple MacBook Air M2 (256GB),98108.4
2025-02-04,PROD-104,Apple MacBook Air M2 (256GB),98135.5
2025-02-05,PROD-104,Apple MacBook Air M2 (256GB),98156.8
2025-02-06,PROD-104,Apple MacBook Air M2 (256GB),98237.37
2025-02-07,PROD-104,Apple MacBook Air M2 (256GB),99028.99
2025-02-08,PROD-104,Apple MacBook Air M2 (256GB),97586.42
2025-02-09,PROD-104,Apple MacBook Air M2 (256GB),97220.94
2025-02-10,PROD-104,Apple MacBook Air M2 (256GB),99097.18
2025-02-11,PROD-104,Apple MacBook Air M2 (256GB),99591.26
2025-02-12,PROD-104,Apple MacBook Air M2 (256GB),98610.4
2025-02-13,PROD-104,Apple MacBook Air M2 (256GB),98773.58
2025-02-14,PROD-104,Apple MacBook Air M2 (256GB),98990.86
2025-02-15,PROD-104,Apple MacBook Air M2 (256GB),97099.54
2025-02-16,PROD-104,Apple MacBook Air M2 (256GB),97730.32
2025-02-17,PROD-104,Apple MacBook Air M2 (256GB),98912.61
2025-02-18,PROD-104,Apple MacBook Air M2 (256GB),98777.58
2025-02-19,PROD-104,Apple MacBook Air M2 (256GB),98470.12
2025-02-20,PROD-104,Apple MacBook Air M2 (256GB),98291.22
2025-02-21,PROD-104,Apple MacBook Air M2 (256GB),97454.16
2025-02-22,PROD-104,Apple MacBook Air M2 (256GB),94954.18
2025-02-23,PROD-104,Apple MacBook Air M2 (256GB),95823.51
2025-02-24,PROD-104,Apple MacBook Air M2 (256GB),96682.99
2025-02-25,PROD-104,Apple MacBook Air M2 (256GB),95989.26
2025-02-26,PROD-104,Apple MacBook Air M2 (256GB),94633.03
2025-02-27,PROD-104,Apple MacBook Air M2 (256GB),94253.26
2025-02-28,PROD-104,Apple MacBook Air M2 (256GB),93482.0
2025-03-01,PROD-104,Apple MacBook Air M2 (256GB),93029.87
2025-03-02,PROD-104,Apple MacBook Air M2 (256GB),93644.6
2025-03-03,PROD-104,Apple MacBook Air M2 (256GB),94708.32
2025-03-04,PROD-104,Apple MacBook Air M2 (256GB),96059.62
2025-03-05,PROD-104,Apple MacBook Air M2 (256GB),96580.96
2025-03-06,PROD-104,Apple MacBook Air M2 (256GB),96292.27
2025-03-07,PROD-104,Apple MacBook Air M2 (256GB),94713.28
2025-03-08,PROD-104,Apple MacBook Air M2 (256GB),94588.94
2025-03-09,PROD-104,Apple MacBook Air M2 (256GB),93686.08
2025-03-10,PROD-104,Apple MacBook Air M2 (256GB),94173.37
2025-03-11,PROD-104,Apple MacBook Air M2 (256GB),94813.51
2025-03-12,PROD-104,Apple MacBook Air M2 (256GB),96271.94
2025-03-13,PROD-104,Apple MacBook Air M2 (256GB),97024.17
2025-03-14,PROD-104,Apple MacBook Air M2 (256GB),97246.57
2025-03-15,PROD-104,Apple MacBook Air M2 (256GB),95977.85
2025-03-16,PROD-104,Apple MacBook Air M2 (256GB),96351.34
2025-03-17,PROD-104,Apple MacBook Air M2 (256GB),98147.97
2025-03-18,PROD-104,Apple MacBook Air M2 (256GB),98144.55
2025-03-19,PROD-104,Apple MacBook Air M2 (256GB),98035.1
2025-03-20,PROD-104,Apple MacBook Air M2 (256GB),97831.05
2025-03-21,PROD-104,Apple MacBook Air M2 (256GB),97222.38
2025-03-22,PROD-104,Apple MacBook Air M2 (256GB),95429.61
2025-03-23,PROD-104,Apple MacBook Air M2 (256GB),94302.69
2025-03-24,PROD-104,Apple MacBook Air M2 (256GB),95687.39
2025-03-25,PROD-104,Apple MacBook Air M2 (256GB),95045.13
2025-03-26,PROD-104,Apple MacBook Air M2 (256GB),94365.98
2025-03-27,PROD-104,Apple MacBook Air M2 (256GB),94490.87
2025-03-28,PROD-104,Apple MacBook Air M2 (256GB),95336.79
2025-03-29,PROD-104,Apple MacBook Air M2 (256GB),94357.7
2025-03-30,PROD-104,Apple MacBook Air M2 (256GB),93357.85
2025-03-31,PROD-104,Apple MacBook Air M2 (256GB),94255.02
2025-04-01,PROD-104,Apple MacBook Air M2 (256GB),94841.99
2025-04-02,PROD-104,Apple MacBook Air M2 (256GB),94245.66
2025-04-03,PROD-104,Apple MacBook Air M2 (256GB),94133.85
2025-04-04,PROD-104,Apple MacBook Air M2 (256GB),94492.45
2025-04-05,PROD-104,Apple MacBook Air M2 (256GB),92423.58
2025-04-06,PROD-104,Apple MacBook Air M2 (256GB),92525.96
2025-04-07,PROD-104,Apple MacBook Air M2 (256GB),93258.09
2025-04-08,PROD-104,Apple MacBook Air M2 (256GB),92969.62
2025-04-09,PROD-104,Apple MacBook Air M2 (256GB),93248.27
2025-04-10,PROD-104,Apple MacBook Air M2 (256GB),92365.32
2025-04-11,PROD-104,Apple MacBook Air M2 (256GB),92746.6
2025-04-12,PROD-104,Apple MacBook Air M2 (256GB),91334.25
2025-04-13,PROD-104,Apple MacBook Air M2 (256GB),91759.36
2025-04-14,PROD-104,Apple MacBook Air M2 (256GB),93464.58
2025-04-15,PROD-104,Apple MacBook Air M2 (256GB),94345.09
2025-04-16,PROD-104,Apple MacBook Air M2 (256GB),94438.23
2025-04-17,PROD-104,Apple MacBook Air M2 (256GB),94193.94
2025-04-18,PROD-104,Apple MacBook Air M2 (256GB),94292.88
2025-04-19,PROD-104,Apple MacBook Air M2 (256GB),93140.97
2025-04-20,PROD-104,Apple MacBook Air M2 (256GB),93173.58
2025-04-21,PROD-104,Apple MacBook Air M2 (256GB),94698.09
2025-04-22,PROD-104,Apple MacBook Air M2 (256GB),94277.25
2025-04-23,PROD-104,Apple MacBook Air M2 (256GB),93900.91
2025-04-24,PROD-104,Apple MacBook Air M2 (256GB),93099.56
2025-04-25,PROD-104,Apple MacBook Air M2 (256GB),94229.59
2025-04-26,PROD-104,Apple MacBook Air M2 (256GB),92008.55
2025-04-27,PROD-104,Apple MacBook Air M2 (256GB),91652.71
2025-04-28,PROD-104,Apple MacBook Air M2 (256GB),92797.87
2025-04-29,PROD-104,Apple MacBook Air M2 (256GB),93430.19
2025-04-30,PROD-104,Apple MacBook Air M2 (256GB),93316.97
2025-05-01,PROD-104,Apple MacBook Air M2 (256GB),94135.03
2025-05-02,PROD-104,Apple MacBook Air M2 (256GB),93759.44
2025-05-03,PROD-104,Apple MacBook Air M2 (256GB),92475.63
2025-05-04,PROD-104,Apple MacBook Air M2 (256GB),92010.97
2025-05-05,PROD-104,Apple MacBook Air M2 (256GB),94856.35
2025-05-06,PROD-104,Apple MacBook Air M2 (256GB),94136.23
2025-05-07,PROD-104,Apple MacBook Air M2 (256GB),94350.57
2025-05-08,PROD-104,Apple MacBook Air M2 (256GB),94748.57
2025-05-09,PROD-104,Apple MacBook Air M2 (256GB),94994.68
2025-05-10,PROD-104,Apple MacBook Air M2 (256GB),93370.53
2025-05-11,PROD-104,Apple MacBook Air M2 (256GB),93284.45
2025-05-12,PROD-104,Apple MacBook Air M2 (256GB),94805.35
2025-05-13,PROD-104,Apple MacBook Air M2 (256GB),94712.14
2025-05-14,PROD-104,Apple MacBook Air M2 (256GB),95290.12
2025-05-15,PROD-104,Apple MacBook Air M2 (256GB),96587.19
2025-05-16,PROD-104,Apple MacBook Air M2 (256GB),96158.59
2025-05-17,PROD-104,Apple MacBook Air M2 (256GB),93765.54
2025-05-18,PROD-104,Apple MacBook Air M2 (256GB),93684.63
2025-05-19,PROD-104,Apple MacBook Air M2 (256GB),96707.06
2025-05-20,PROD-104,Apple MacBook Air M2 (256GB),96124.76
2025-05-21,PROD-104,Apple MacBook Air M2 (256GB),97037.25
2025-05-22,PROD-104,Apple MacBook Air M2 (256GB),97927.27
2025-05-23,PROD-104,Apple MacBook Air M2 (256GB),97434.02
2025-05-24,PROD-104,Apple MacBook Air M2 (256GB),96140.46
2025-05-25,PROD-104,Apple MacBook Air M2 (256GB),96970.81
2025-05-26,PROD-104,Apple MacBook Air M2 (256GB),98053.63
2025-05-27,PROD-104,Apple MacBook Air M2 (256GB),97764.06
2025-05-28,PROD-104,Apple MacBook Air M2 (256GB),97262.11
2025-05-29,PROD-104,Apple MacBook Air M2 (256GB),96525.41
2025-05-30,PROD-104,Apple MacBook Air M2 (256GB),96044.83
2025-05-31,PROD-104,Apple MacBook Air M2 (256GB),93744.99
2025-06-01,PROD-104,Apple MacBook Air M2 (256GB),93738.52
2025-06-02,PROD-104,Apple MacBook Air M2 (256GB),94748.45
2025-06-03,PROD-104,Apple MacBook Air M2 (256GB),94886.56
2025-06-04,PROD-104,Apple MacBook Air M2 (256GB),93943.95
2025-06-05,PROD-104,Apple MacBook Air M2 (256GB),94180.54
2025-06-06,PROD-104,Apple MacBook Air M2 (256GB),94706.89
2025-06-07,PROD-104,Apple MacBook Air M2 (256GB),92012.07
2025-06-08,PROD-104,Apple MacBook Air M2 (256GB),92296.23
2025-06-09,PROD-104,Apple MacBook Air M2 (256GB),94576.86
2025-06-10,PROD-104,Apple MacBook Air M2 (256GB),93857.49
2025-06-11,PROD-104,Apple MacBook Air M2 (256GB),94903.42
2025-06-12,PROD-104,Apple MacBook Air M2 (256GB),95144.92
2025-06-13,PROD-104,Apple MacBook Air M2 (256GB),94699.93
2025-06-14,PROD-104,Apple MacBook Air M2 (256GB),93168.23
2025-06-15,PROD-104,Apple MacBook Air M2 (256GB),93505.15
2025-06-16,PROD-104,Apple MacBook Air M2 (256GB),95034.33
2025-06-17,PROD-104,Apple MacBook Air M2 (256GB),95341.13
2025-06-18,PROD-104,Apple MacBook Air M2 (256GB),94756.93
2025-06-19,PROD-104,Apple MacBook Air M2 (256GB),94855.96
2025-06-20,PROD-104,Apple MacBook Air M2 (256GB),94000.19
2025-06-21,PROD-104,Apple MacBook Air M2 (256GB),92470.2
2025-06-22,PROD-104,Apple MacBook Air M2 (256GB),91964.68
2025-06-23,PROD-104,Apple MacBook Air M2 (256GB),93083.97
2025-06-24,PROD-104,Apple MacBook Air M2 (256GB),93906.68
2025-06-25,PROD-104,Apple MacBook Air M2 (256GB),94601.4
2025-06-26,PROD-104,Apple MacBook Air M2 (256GB),94972.07
2025-06-27,PROD-104,Apple MacBook Air M2 (256GB),94303.34
2025-06-28,PROD-104,Apple MacBook Air M2 (256GB),92635.09
2025-06-29,PROD-104,Apple MacBook Air M2 (256GB),93391.53
2025-06-30,PROD-104,Apple MacBook Air M2 (256GB),94965.81
2025-07-01,PROD-104,Apple MacBook Air M2 (256GB),96344.38
2025-07-02,PROD-104,Apple MacBook Air M2 (256GB),96498.41
2025-07-03,PROD-104,Apple MacBook Air M2 (256GB),96523.98
2025-07-04,PROD-104,Apple MacBook Air M2 (256GB),96247.57
2025-07-05,PROD-104,Apple MacBook Air M2 (256GB),94752.08
2025-07-06,PROD-104,Apple MacBook Air M2 (256GB),94583.33
2025-07-07,PROD-104,Apple MacBook Air M2 (256GB),96437.86
2025-07-08,PROD-104,Apple MacBook Air M2 (256GB),96925.25
2025-07-09,PROD-104,Apple MacBook Air M2 (256GB),96342.65
2025-07-10,PROD-104,Apple MacBook Air M2 (256GB),95462.04
2025-07-11,PROD-104,Apple MacBook Air M2 (256GB),94322.48
2025-07-12,PROD-104,Apple MacBook Air M2 (256GB),93147.91
2025-07-13,PROD-104,Apple MacBook Air M2 (256GB),92488.83
2025-07-14,PROD-104,Apple MacBook Air M2 (256GB),92731.49
2025-07-15,PROD-104,Apple MacBook Air M2 (256GB),93063.32
2025-07-16,PROD-104,Apple MacBook Air M2 (256GB),94641.21
2025-07-17,PROD-104,Apple MacBook Air M2 (256GB),94640.77
2025-07-18,PROD-104,Apple MacBook Air M2 (256GB),95147.09
2025-07-19,PROD-104,Apple MacBook Air M2 (256GB),93675.59
2025-07-20,PROD-104,Apple MacBook Air M2 (256GB),93592.81
2025-07-21,PROD-104,Apple MacBook Air M2 (256GB),95623.45
2025-07-22,PROD-104,Apple MacBook Air M2 (256GB),95403.37
2025-07-23,PROD-104,Apple MacBook Air M2 (256GB),95528.9
2025-07-24,PROD-104,Apple MacBook Air M2 (256GB),95680.73
2025-07-25,PROD-104,Apple MacBook Air M2 (256GB),95231.1
2025-07-26,PROD-104,Apple MacBook Air M2 (256GB),94301.53
2025-07-27,PROD-104,Apple MacBook Air M2 (256GB),94141.82
2025-07-28,PROD-104,Apple MacBook Air M2 (256GB),95140.11
2025-07-29,PROD-104,Apple MacBook Air M2 (256GB),95440.27
2025-07-30,PROD-104,Apple MacBook Air M2 (256GB),94864.44
2025-07-31,PROD-104,Apple MacBook Air M2 (256GB),94873.39
2025-08-01,PROD-104,Apple MacBook Air M2 (256GB),94859.5
2025-08-02,PROD-104,Apple MacBook Air M2 (256GB),94004.83
2025-08-03,PROD-104,Apple MacBook Air M2 (256GB),94249.74
2025-08-04,PROD-104,Apple MacBook Air M2 (256GB),95681.07
2025-08-05,PROD-104,Apple MacBook Air M2 (256GB),96122.94
2025-08-06,PROD-104,Apple MacBook Air M2 (256GB),96886.18
2025-08-07,PROD-104,Apple MacBook Air M2 (256GB),97111.81
2025-08-08,PROD-104,Apple MacBook Air M2 (256GB),96997.69
2025-08-09,PROD-104,Apple MacBook Air M2 (256GB),94597.47
2025-08-10,PROD-104,Apple MacBook Air M2 (256GB),93888.86
2025-08-11,PROD-104,Apple MacBook Air M2 (256GB),95170.12
2025-08-12,PROD-104,Apple MacBook Air M2 (256GB),94781.16
2025-08-13,PROD-104,Apple MacBook Air M2 (256GB),94665.18
2025-08-14,PROD-104,Apple MacBook Air M2 (256GB),94701.17
2025-08-15,PROD-104,Apple MacBook Air M2 (256GB),95019.19
2025-08-16,PROD-104,Apple MacBook Air M2 (256GB),93462.69
2025-08-17,PROD-104,Apple MacBook Air M2 (256GB),93741.79
2025-08-18,PROD-104,Apple MacBook Air M2 (256GB),95252.22
2025-08-19,PROD-104,Apple MacBook Air M2 (256GB),94039.59
2025-08-20,PROD-104,Apple MacBook Air M2 (256GB),93509.27
2025-08-21,PROD-104,Apple MacBook Air M2 (256GB),93482.62
2025-08-22,PROD-104,Apple MacBook Air M2 (256GB),92817.93
2025-08-23,PROD-104,Apple MacBook Air M2 (256GB),91773.75
2025-08-24,PROD-104,Apple MacBook Air M2 (256GB),92763.85
2025-08-25,PROD-104,Apple MacBook Air M2 (256GB),95015.75
2025-08-26,PROD-104,Apple MacBook Air M2 (256GB),94872.15
2025-08-27,PROD-104,Apple MacBook Air M2 (256GB),95758.24
2025-08-28,PROD-104,Apple MacBook Air M2 (256GB),95794.79
2025-08-29,PROD-104,Apple MacBook Air M2 (256GB),95538.06
2025-08-30,PROD-104,Apple MacBook Air M2 (256GB),93629.87
2025-08-31,PROD-104,Apple MacBook Air M2 (256GB),93427.23
2025-09-01,PROD-104,Apple MacBook Air M2 (256GB),94681.8
2025-09-02,PROD-104,Apple MacBook Air M2 (256GB),94785.22
2025-09-03,PROD-104,Apple MacBook Air M2 (256GB),94877.56
2025-09-04,PROD-104,Apple MacBook Air M2 (256GB),94870.77
2025-09-05,PROD-104,Apple MacBook Air M2 (256GB),95124.66
2025-09-06,PROD-104,Apple MacBook Air M2 (256GB),94319.57
2025-09-07,PROD-104,Apple MacBook Air M2 (256GB),94833.66
2025-09-08,PROD-104,Apple MacBook Air M2 (256GB),95359.87
2025-09-09,PROD-104,Apple MacBook Air M2 (256GB),93794.79
2025-09-10,PROD-104,Apple MacBook Air M2 (256GB),94400.9
2025-09-11,PROD-104,Apple MacBook Air M2 (256GB),93595.99
2025-09-12,PROD-104,Apple MacBook Air M2 (256GB),93516.59
2025-09-13,PROD-104,Apple MacBook Air M2 (256GB),91375.45
2025-09-14,PROD-104,Apple MacBook Air M2 (256GB),90385.83
2025-09-15,PROD-104,Apple MacBook Air M2 (256GB),92350.25
2025-09-16,PROD-104,Apple MacBook Air M2 (256GB),92923.49
2025-09-17,PROD-104,Apple MacBook Air M2 (256GB),92666.67
2025-09-18,PROD-104,Apple MacBook Air M2 (256GB),91213.97
2025-09-19,PROD-104,Apple MacBook Air M2 (256GB),91060.78
2025-09-20,PROD-104,Apple MacBook Air M2 (256GB),89979.59
2025-09-21,PROD-104,Apple MacBook Air M2 (256GB),89253.6
2025-09-22,PROD-104,Apple MacBook Air M2 (256GB),91059.77
2025-09-23,PROD-104,Apple MacBook Air M2 (256GB),91232.85
2025-09-24,PROD-104,Apple MacBook Air M2 (256GB),91754.05
2025-09-25,PROD-104,Apple MacBook Air M2 (256GB),91973.35
2025-09-26,PROD-104,Apple MacBook Air M2 (256GB),91526.1
2025-09-27,PROD-104,Apple MacBook Air M2 (256GB),90904.5
2025-09-28,PROD-104,Apple MacBook Air M2 (256GB),90924.49
2025-09-29,PROD-104,Apple MacBook Air M2 (256GB),92520.72
2025-09-30,PROD-104,Apple MacBook Air M2 (256GB),92069.98
2025-10-01,PROD-104,Apple MacBook Air M2 (256GB),91935.77
2025-10-02,PROD-104,Apple MacBook Air M2 (256GB),91543.36
2025-10-03,PROD-104,Apple MacBook Air M2 (256GB),91597.69
2025-10-04,PROD-104,Apple MacBook Air M2 (256GB),91281.59
2025-10-05,PROD-104,Apple MacBook Air M2 (256GB),90554.7
2025-10-06,PROD-104,Apple MacBook Air M2 (256GB),91217.67
2025-10-07,PROD-104,Apple MacBook Air M2 (256GB),92274.75
2025-10-08,PROD-104,Apple MacBook Air M2 (256GB),92270.67
2025-10-09,PROD-104,Apple MacBook Air M2 (256GB),91990.96
2025-10-10,PROD-104,Apple MacBook Air M2 (256GB),92750.61
2025-10-11,PROD-104,Apple MacBook Air M2 (256GB),90986.47
2025-10-12,PROD-104,Apple MacBook Air M2 (256GB),92193.09
2025-10-13,PROD-104,Apple MacBook Air M2 (256GB),94149.03
2025-10-14,PROD-104,Apple MacBook Air M2 (256GB),93884.09
2025-10-15,PROD-104,Apple MacBook Air M2 (256GB),89225.53
2025-10-16,PROD-104,Apple MacBook Air M2 (256GB),88836.38
2025-10-17,PROD-104,Apple MacBook Air M2 (256GB),89275.38
2025-10-18,PROD-104,Apple MacBook Air M2 (256GB),87928.25
2025-10-19,PROD-104,Apple MacBook Air M2 (256GB),88673.51
2025-10-20,PROD-104,Apple MacBook Air M2 (256GB),91035.88
2025-10-21,PROD-104,Apple MacBook Air M2 (256GB),90938.85
2025-10-22,PROD-104,Apple MacBook Air M2 (256GB),90375.42
2025-10-23,PROD-104,Apple MacBook Air M2 (256GB),90568.19
2025-10-24,PROD-104,Apple MacBook Air M2 (256GB),90068.71
2025-10-25,PROD-104,Apple MacBook Air M2 (256GB),89710.37
2025-10-26,PROD-104,Apple MacBook Air M2 (256GB),95661.4
2025-10-27,PROD-104,Apple MacBook Air M2 (256GB),96817.98
2025-10-28,PROD-104,Apple MacBook Air M2 (256GB),96823.15
2025-10-29,PROD-104,Apple MacBook Air M2 (256GB),95908.97
2025-10-30,PROD-104,Apple MacBook Air M2 (256GB),95265.82
2025-10-31,PROD-104,Apple MacBook Air M2 (256GB),95958.03
2025-11-01,PROD-104,Apple MacBook Air M2 (256GB),94002.75
2025-11-02,PROD-104,Apple MacBook Air M2 (256GB),93334.81
2025-11-03,PROD-104,Apple MacBook Air M2 (256GB),95148.89
2025-11-04,PROD-104,Apple MacBook Air M2 (256GB),95838.13
2025-11-05,PROD-104,Apple MacBook Air M2 (256GB),96212.86
2025-11-06,PROD-104,Apple MacBook Air M2 (256GB),96735.1
2025-11-07,PROD-104,Apple MacBook Air M2 (256GB),96179.53
2025-11-08,PROD-104,Apple MacBook Air M2 (256GB),93754.23
2025-11-09,PROD-104,Apple MacBook Air M2 (256GB),94627.65
2025-11-10,PROD-104,Apple MacBook Air M2 (256GB),95861.49
2025-11-11,PROD-104,Apple MacBook Air M2 (256GB),95653.18
2025-11-12,PROD-104,Apple MacBook Air M2 (256GB),96402.7
2025-11-13,PROD-104,Apple MacBook Air M2 (256GB),96651.56
2025-11-14,PROD-104,Apple MacBook Air M2 (256GB),96827.78
2025-11-15,PROD-104,Apple MacBook Air M2 (256GB),96522.15
2025-11-16,PROD-104,Apple MacBook Air M2 (256GB),95970.26
2025-11-17,PROD-104,Apple MacBook Air M2 (256GB),97887.29
2025-11-18,PROD-104,Apple MacBook Air M2 (256GB),97762.39
2025-11-19,PROD-104,Apple MacBook Air M2 (256GB),97770.69
2025-11-20,PROD-104,Apple MacBook Air M2 (256GB),98534.5
2025-11-21,PROD-104,Apple MacBook Air M2 (256GB),98647.73
2025-11-22,PROD-104,Apple MacBook Air M2 (256GB),97275.08
2025-11-23,PROD-104,Apple MacBook Air M2 (256GB),97715.17
2025-11-24,PROD-104,Apple MacBook Air M2 (256GB),92775.27
2025-11-25,PROD-104,Apple MacBook Air M2 (256GB),92068.54
2025-11-26,PROD-104,Apple MacBook Air M2 (256GB),91273.79
2025-11-27,PROD-104,Apple MacBook Air M2 (256GB),89965.85
2025-11-28,PROD-104,Apple MacBook Air M2 (256GB),91136.84
2025-11-29,PROD-104,Apple MacBook Air M2 (256GB),88855.13
2025-11-30,PROD-104,Apple MacBook Air M2 (256GB),88640.26
2025-12-01,PROD-104,Apple MacBook Air M2 (256GB),95895.29
2025-12-02,PROD-104,Apple MacBook Air M2 (256GB),96020.23
2025-12-03,PROD-104,Apple MacBook Air M2 (256GB),96443.92
2025-12-04,PROD-104,Apple MacBook Air M2 (256GB),96873.27
2025-12-05,PROD-104,Apple MacBook Air M2 (256GB),96415.02
2025-12-06,PROD-104,Apple MacBook Air M2 (256GB),94730.76
2025-12-07,PROD-104,Apple MacBook Air M2 (256GB),94824.1
2025-12-08,PROD-104,Apple MacBook Air M2 (256GB),96092.52
2025-12-09,PROD-104,Apple MacBook Air M2 (256GB),96987.56
2025-12-10,PROD-104,Apple MacBook Air M2 (256GB),97168.03
2025-12-11,PROD-104,Apple MacBook Air M2 (256GB),97485.81
2025-12-12,PROD-104,Apple MacBook Air M2 (256GB),97744.51
2025-12-13,PROD-104,Apple MacBook Air M2 (256GB),96798.13
2025-12-14,PROD-104,Apple MacBook Air M2 (256GB),96727.17
2025-12-15,PROD-104,Apple MacBook Air M2 (256GB),97271.55
2025-12-16,PROD-104,Apple MacBook Air M2 (256GB),97383.04
2025-12-17,PROD-104,Apple MacBook Air M2 (256GB),96858.34
2025-12-18,PROD-104,Apple MacBook Air M2 (256GB),96433.51
2025-12-19,PROD-104,Apple MacBook Air M2 (256GB),96698.91
2025-12-20,PROD-104,Apple MacBook Air M2 (256GB),95843.7
2025-12-21,PROD-104,Apple MacBook Air M2 (256GB),95724.61
2025-12-22,PROD-104,Apple MacBook Air M2 (256GB),97282.51
2025-12-23,PROD-104,Apple MacBook Air M2 (256GB),98174.98
2025-12-24,PROD-104,Apple MacBook Air M2 (256GB),98145.94
2025-12-25,PROD-104,Apple MacBook Air M2 (256GB),99534.91
2025-12-26,PROD-104,Apple MacBook Air M2 (256GB),99632.73
2025-12-27,PROD-104,Apple MacBook Air M2 (256GB),96831.4
2025-12-28,PROD-104,Apple MacBook Air M2 (256GB),97102.17
2025-12-29,PROD-104,Apple MacBook Air M2 (256GB),98634.59
2025-12-30,PROD-104,Apple MacBook Air M2 (256GB),99211.97
2025-12-31,PROD-104,Apple MacBook Air M2 (256GB),99390.54
2025-01-01,PROD-105,Dell XPS 13 Laptop (16GB),114597.16
2025-01-02,PROD-105,Dell XPS 13 Laptop (16GB),113400.08
2025-01-03,PROD-105,Dell XPS 13 Laptop (16GB),113024.31
2025-01-04,PROD-105,Dell XPS 13 Laptop (16GB),110461.2
2025-01-05,PROD-105,Dell XPS 13 Laptop (16GB),109867.5
2025-01-06,PROD-105,Dell XPS 13 Laptop (16GB),111905.31
2025-01-07,PROD-105,Dell XPS 13 Laptop (16GB),113013.47
2025-01-08,PROD-105,Dell XPS 13 Laptop (16GB),113109.8
2025-01-09,PROD-105,Dell XPS 13 Laptop (16GB),112008.4
2025-01-10,PROD-105,Dell XPS 13 Laptop (16GB),112192.43
2025-01-11,PROD-105,Dell XPS 13 Laptop (16GB),111206.28
2025-01-12,PROD-105,Dell XPS 13 Laptop (16GB),110553.38
2025-01-13,PROD-105,Dell XPS 13 Laptop (16GB),112014.95
2025-01-14,PROD-105,Dell XPS 13 Laptop (16GB),111876.22
2025-01-15,PROD-105,Dell XPS 13 Laptop (16GB),111144.73
2025-01-16,PROD-105,Dell XPS 13 Laptop (16GB),111524.71
2025-01-17,PROD-105,Dell XPS 13 Laptop (16GB),111308.76
2025-01-18,PROD-105,Dell XPS 13 Laptop (16GB),109783.97
2025-01-19,PROD-105,Dell XPS 13 Laptop (16GB),108993.9
2025-01-20,PROD-105,Dell XPS 13 Laptop (16GB),110305.86
2025-01-21,PROD-105,Dell XPS 13 Laptop (16GB),110783.36
2025-01-22,PROD-105,Dell XPS 13 Laptop (16GB),110415.56
2025-01-23,PROD-105,Dell XPS 13 Laptop (16GB),111641.01
2025-01-24,PROD-105,Dell XPS 13 Laptop (16GB),111210.23
2025-01-25,PROD-105,Dell XPS 13 Laptop (16GB),109544.23
2025-01-26,PROD-105,Dell XPS 13 Laptop (16GB),110131.21
2025-01-27,PROD-105,Dell XPS 13 Laptop (16GB),110650.63
2025-01-28,PROD-105,Dell XPS 13 Laptop (16GB),109248.49
2025-01-29,PROD-105,Dell XPS 13 Laptop (16GB),108092.82
2025-01-30,PROD-105,Dell XPS 13 Laptop (16GB),109086.12
2025-01-31,PROD-105,Dell XPS 13 Laptop (16GB),108668.92
2025-02-01,PROD-105,Dell XPS 13 Laptop (16GB),108880.13
2025-02-02,PROD-105,Dell XPS 13 Laptop (16GB),108377.68
2025-02-03,PROD-105,Dell XPS 13 Laptop (16GB),110186.96
2025-02-04,PROD-105,Dell XPS 13 Laptop (16GB),111285.2
2025-02-05,PROD-105,Dell XPS 13 Laptop (16GB),112676.51
2025-02-06,PROD-105,Dell XPS 13 Laptop (16GB),114039.81
2025-02-07,PROD-105,Dell XPS 13 Laptop (16GB),114695.09
2025-02-08,PROD-105,Dell XPS 13 Laptop (16GB),113454.39
2025-02-09,PROD-105,Dell XPS 13 Laptop (16GB),113590.81
2025-02-10,PROD-105,Dell XPS 13 Laptop (16GB),115584.79
2025-02-11,PROD-105,Dell XPS 13 Laptop (16GB),114843.16
2025-02-12,PROD-105,Dell XPS 13 Laptop (16GB),113938.36
2025-02-13,PROD-105,Dell XPS 13 Laptop (16GB),113689.91
2025-02-14,PROD-105,Dell XPS 13 Laptop (16GB),113328.77
2025-02-15,PROD-105,Dell XPS 13 Laptop (16GB),111048.41
2025-02-16,PROD-105,Dell XPS 13 Laptop (16GB),111383.03
2025-02-17,PROD-105,Dell XPS 13 Laptop (16GB),113620.11
2025-02-18,PROD-105,Dell XPS 13 Laptop (16GB),113456.41
2025-02-19,PROD-105,Dell XPS 13 Laptop (16GB),114342.74
2025-02-20,PROD-105,Dell XPS 13 Laptop (16GB),113220.33
2025-02-21,PROD-105,Dell XPS 13 Laptop (16GB),112865.07
2025-02-22,PROD-105,Dell XPS 13 Laptop (16GB),110410.2
2025-02-23,PROD-105,Dell XPS 13 Laptop (16GB),108854.54
2025-02-24,PROD-105,Dell XPS 13 Laptop (16GB),110439.55
2025-02-25,PROD-105,Dell XPS 13 Laptop (16GB),110277.26
2025-02-26,PROD-105,Dell XPS 13 Laptop (16GB),111349.49
2025-02-27,PROD-105,Dell XPS 13 Laptop (16GB),111706.12
2025-02-28,PROD-105,Dell XPS 13 Laptop (16GB),110803.68
2025-03-01,PROD-105,Dell XPS 13 Laptop (16GB),110380.06
2025-03-02,PROD-105,Dell XPS 13 Laptop (16GB),111141.58
2025-03-03,PROD-105,Dell XPS 13 Laptop (16GB),113110.83
2025-03-04,PROD-105,Dell XPS 13 Laptop (16GB),112736.42
2025-03-05,PROD-105,Dell XPS 13 Laptop (16GB),111831.02
2025-03-06,PROD-105,Dell XPS 13 Laptop (16GB),111411.32
2025-03-07,PROD-105,Dell XPS 13 Laptop (16GB),112108.31
2025-03-08,PROD-105,Dell XPS 13 Laptop (16GB),111642.34
2025-03-09,PROD-105,Dell XPS 13 Laptop (16GB),112582.4
2025-03-10,PROD-105,Dell XPS 13 Laptop (16GB),113676.4
2025-03-11,PROD-105,Dell XPS 13 Laptop (16GB),112603.86
2025-03-12,PROD-105,Dell XPS 13 Laptop (16GB),112530.33
2025-03-13,PROD-105,Dell XPS 13 Laptop (16GB),111028.49
2025-03-14,PROD-105,Dell XPS 13 Laptop (16GB),111170.44
2025-03-15,PROD-105,Dell XPS 13 Laptop (16GB),109227.22
2025-03-16,PROD-105,Dell XPS 13 Laptop (16GB),108781.08
2025-03-17,PROD-105,Dell XPS 13 Laptop (16GB),109235.75
2025-03-18,PROD-105,Dell XPS 13 Laptop (16GB),109610.16
2025-03-19,PROD-105,Dell XPS 13 Laptop (16GB),109181.13
2025-03-20,PROD-105,Dell XPS 13 Laptop (16GB),108295.63
2025-03-21,PROD-105,Dell XPS 13 Laptop (16GB),106177.65
2025-03-22,PROD-105,Dell XPS 13 Laptop (16GB),104574.13
2025-03-23,PROD-105,Dell XPS 13 Laptop (16GB),106039.37
2025-03-24,PROD-105,Dell XPS 13 Laptop (16GB),109073.09
2025-03-25,PROD-105,Dell XPS 13 Laptop (16GB),108727.62
2025-03-26,PROD-105,Dell XPS 13 Laptop (16GB),108290.58
2025-03-27,PROD-105,Dell XPS 13 Laptop (16GB),108678.63
2025-03-28,PROD-105,Dell XPS 13 Laptop (16GB),107946.91
2025-03-29,PROD-105,Dell XPS 13 Laptop (16GB),106501.91
2025-03-30,PROD-105,Dell XPS 13 Laptop (16GB),107116.12
2025-03-31,PROD-105,Dell XPS 13 Laptop (16GB),109770.26
2025-04-01,PROD-105,Dell XPS 13 Laptop (16GB),109657.64
2025-04-02,PROD-105,Dell XPS 13 Laptop (16GB),109473.0
2025-04-03,PROD-105,Dell XPS 13 Laptop (16GB),108791.86
2025-04-04,PROD-105,Dell XPS 13 Laptop (16GB),108183.11
2025-04-05,PROD-105,Dell XPS 13 Laptop (16GB),106330.09
2025-04-06,PROD-105,Dell XPS 13 Laptop (16GB),106653.86
2025-04-07,PROD-105,Dell XPS 13 Laptop (16GB),109096.11
2025-04-08,PROD-105,Dell XPS 13 Laptop (16GB),108489.92
2025-04-09,PROD-105,Dell XPS 13 Laptop (16GB),109635.94
2025-04-10,PROD-105,Dell XPS 13 Laptop (16GB),109401.8
2025-04-11,PROD-105,Dell XPS 13 Laptop (16GB),109366.68
2025-04-12,PROD-105,Dell XPS 13 Laptop (16GB),107063.94
2025-04-13,PROD-105,Dell XPS 13 Laptop (16GB),105257.31
2025-04-14,PROD-105,Dell XPS 13 Laptop (16GB),107747.23
2025-04-15,PROD-105,Dell XPS 13 Laptop (16GB),108363.5
2025-04-16,PROD-105,Dell XPS 13 Laptop (16GB),108185.33
2025-04-17,PROD-105,Dell XPS 13 Laptop (16GB),108277.31
2025-04-18,PROD-105,Dell XPS 13 Laptop (16GB),108701.4
2025-04-19,PROD-105,Dell XPS 13 Laptop (16GB),105820.42
2025-04-20,PROD-105,Dell XPS 13 Laptop (16GB),105497.36
2025-04-21,PROD-105,Dell XPS 13 Laptop (16GB),107907.94
2025-04-22,PROD-105,Dell XPS 13 Laptop (16GB),107022.82
2025-04-23,PROD-105,Dell XPS 13 Laptop (16GB),107342.85
2025-04-24,PROD-105,Dell XPS 13 Laptop (16GB),106409.27
2025-04-25,PROD-105,Dell XPS 13 Laptop (16GB),106889.63
2025-04-26,PROD-105,Dell XPS 13 Laptop (16GB),105244.42
2025-04-27,PROD-105,Dell XPS 13 Laptop (16GB),104135.6
2025-04-28,PROD-105,Dell XPS 13 Laptop (16GB),106892.12
2025-04-29,PROD-105,Dell XPS 13 Laptop (16GB),106447.57
2025-04-30,PROD-105,Dell XPS 13 Laptop (16GB),105968.51
2025-05-01,PROD-105,Dell XPS 13 Laptop (16GB),106271.51
2025-05-02,PROD-105,Dell XPS 13 Laptop (16GB),107270.41
2025-05-03,PROD-105,Dell XPS 13 Laptop (16GB),104871.02
2025-05-04,PROD-105,Dell XPS 13 Laptop (16GB),105038.48
2025-05-05,PROD-105,Dell XPS 13 Laptop (16GB),107197.92
2025-05-06,PROD-105,Dell XPS 13 Laptop (16GB),107808.85
2025-05-07,PROD-105,Dell XPS 13 Laptop (16GB),108001.74
2025-05-08,PROD-105,Dell XPS 13 Laptop (16GB),107777.38
2025-05-09,PROD-105,Dell XPS 13 Laptop (16GB),107218.82
2025-05-10,PROD-105,Dell XPS 13 Laptop (16GB),105648.49
2025-05-11,PROD-105,Dell XPS 13 Laptop (16GB),104926.71
2025-05-12,PROD-105,Dell XPS 13 Laptop (16GB),104579.11
2025-05-13,PROD-105,Dell XPS 13 Laptop (16GB),105128.58
2025-05-14,PROD-105,Dell XPS 13 Laptop (16GB),106001.1
2025-05-15,PROD-105,Dell XPS 13 Laptop (16GB),104379.84
2025-05-16,PROD-105,Dell XPS 13 Laptop (16GB),103854.55
2025-05-17,PROD-105,Dell XPS 13 Laptop (16GB),102852.19
2025-05-18,PROD-105,Dell XPS 13 Laptop (16GB),104617.45
2025-05-19,PROD-105,Dell XPS 13 Laptop (16GB),106491.93
2025-05-20,PROD-105,Dell XPS 13 Laptop (16GB),106072.33
2025-05-21,PROD-105,Dell XPS 13 Laptop (16GB),106082.54
2025-05-22,PROD-105,Dell XPS 13 Laptop (16GB),107260.57
2025-05-23,PROD-105,Dell XPS 13 Laptop (16GB),106864.07
2025-05-24,PROD-105,Dell XPS 13 Laptop (16GB),104647.47
2025-05-25,PROD-105,Dell XPS 13 Laptop (16GB),104417.79
2025-05-26,PROD-105,Dell XPS 13 Laptop (16GB),105571.65
2025-05-27,PROD-105,Dell XPS 13 Laptop (16GB),105836.07
2025-05-28,PROD-105,Dell XPS 13 Laptop (16GB),107213.78
2025-05-29,PROD-105,Dell XPS 13 Laptop (16GB),107546.4
2025-05-30,PROD-105,Dell XPS 13 Laptop (16GB),107430.81
2025-05-31,PROD-105,Dell XPS 13 Laptop (16GB),105566.42
2025-06-01,PROD-105,Dell XPS 13 Laptop (16GB),104480.45
2025-06-02,PROD-105,Dell XPS 13 Laptop (16GB),107008.51
2025-06-03,PROD-105,Dell XPS 13 Laptop (16GB),107050.71
2025-06-04,PROD-105,Dell XPS 13 Laptop (16GB),107013.81
2025-06-05,PROD-105,Dell XPS 13 Laptop (16GB),109508.95
2025-06-06,PROD-105,Dell XPS 13 Laptop (16GB),109708.57
2025-06-07,PROD-105,Dell XPS 13 Laptop (16GB),107385.3
2025-06-08,PROD-105,Dell XPS 13 Laptop (16GB),107061.01
2025-06-09,PROD-105,Dell XPS 13 Laptop (16GB),109659.05
2025-06-10,PROD-105,Dell XPS 13 Laptop (16GB),109712.05
2025-06-11,PROD-105,Dell XPS 13 Laptop (16GB),108598.74
2025-06-12,PROD-105,Dell XPS 13 Laptop (16GB),109309.22
2025-06-13,PROD-105,Dell XPS 13 Laptop (16GB),108793.65
2025-06-14,PROD-105,Dell XPS 13 Laptop (16GB),108484.94
2025-06-15,PROD-105,Dell XPS 13 Laptop (16GB),109235.48
2025-06-16,PROD-105,Dell XPS 13 Laptop (16GB),110527.97
2025-06-17,PROD-105,Dell XPS 13 Laptop (16GB),111413.33
2025-06-18,PROD-105,Dell XPS 13 Laptop (16GB),111344.56
2025-06-19,PROD-105,Dell XPS 13 Laptop (16GB),111867.91
2025-06-20,PROD-105,Dell XPS 13 Laptop (16GB),112089.06
2025-06-21,PROD-105,Dell XPS 13 Laptop (16GB),109575.84
2025-06-22,PROD-105,Dell XPS 13 Laptop (16GB),108979.14
2025-06-23,PROD-105,Dell XPS 13 Laptop (16GB),111392.4
2025-06-24,PROD-105,Dell XPS 13 Laptop (16GB),111022.7
2025-06-25,PROD-105,Dell XPS 13 Laptop (16GB),110619.83
2025-06-26,PROD-105,Dell XPS 13 Laptop (16GB),109823.5
2025-06-27,PROD-105,Dell XPS 13 Laptop (16GB),110101.02
2025-06-28,PROD-105,Dell XPS 13 Laptop (16GB),109868.86
2025-06-29,PROD-105,Dell XPS 13 Laptop (16GB),108939.52
2025-06-30,PROD-105,Dell XPS 13 Laptop (16GB),110600.46
2025-07-01,PROD-105,Dell XPS 13 Laptop (16GB),111580.6
2025-07-02,PROD-105,Dell XPS 13 Laptop (16GB),111392.84
2025-07-03,PROD-105,Dell XPS 13 Laptop (16GB),111613.48
2025-07-04,PROD-105,Dell XPS 13 Laptop (16GB),110687.01
2025-07-05,PROD-105,Dell XPS 13 Laptop (16GB),109199.89
2025-07-06,PROD-105,Dell XPS 13 Laptop (16GB),108964.28
2025-07-07,PROD-105,Dell XPS 13 Laptop (16GB),111345.12
2025-07-08,PROD-105,Dell XPS 13 Laptop (16GB),112119.4
2025-07-09,PROD-105,Dell XPS 13 Laptop (16GB),113906.6
2025-07-10,PROD-105,Dell XPS 13 Laptop (16GB),114097.0
2025-07-11,PROD-105,Dell XPS 13 Laptop (16GB),114087.5
2025-07-12,PROD-105,Dell XPS 13 Laptop (16GB),112254.91
2025-07-13,PROD-105,Dell XPS 13 Laptop (16GB),111742.04
2025-07-14,PROD-105,Dell XPS 13 Laptop (16GB),113498.55
2025-07-15,PROD-105,Dell XPS 13 Laptop (16GB),113053.07
2025-07-16,PROD-105,Dell XPS 13 Laptop (16GB),112977.76
2025-07-17,PROD-105,Dell XPS 13 Laptop (16GB),113768.07
2025-07-18,PROD-105,Dell XPS 13 Laptop (16GB),112775.76
2025-07-19,PROD-105,Dell XPS 13 Laptop (16GB),111717.88
2025-07-20,PROD-105,Dell XPS 13 Laptop (16GB),112484.58
2025-07-21,PROD-105,Dell XPS 13 Laptop (16GB),113861.55
2025-07-22,PROD-105,Dell XPS 13 Laptop (16GB),112028.08
2025-07-23,PROD-105,Dell XPS 13 Laptop (16GB),111421.81
2025-07-24,PROD-105,Dell XPS 13 Laptop (16GB),112274.46
2025-07-25,PROD-105,Dell XPS 13 Laptop (16GB),112094.59
2025-07-26,PROD-105,Dell XPS 13 Laptop (16GB),109466.38
2025-07-27,PROD-105,Dell XPS 13 Laptop (16GB),108979.23
2025-07-28,PROD-105,Dell XPS 13 Laptop (16GB),111250.49
2025-07-29,PROD-105,Dell XPS 13 Laptop (16GB),111549.01
2025-07-30,PROD-105,Dell XPS 13 Laptop (16GB),111243.36
2025-07-31,PROD-105,Dell XPS 13 Laptop (16GB),110857.08
2025-08-01,PROD-105,Dell XPS 13 Laptop (16GB),110471.4
2025-08-02,PROD-105,Dell XPS 13 Laptop (16GB),107982.03
2025-08-03,PROD-105,Dell XPS 13 Laptop (16GB),109159.21
2025-08-04,PROD-105,Dell XPS 13 Laptop (16GB),110549.26
2025-08-05,PROD-105,Dell XPS 13 Laptop (16GB),111385.66
2025-08-06,PROD-105,Dell XPS 13 Laptop (16GB),112408.37
2025-08-07,PROD-105,Dell XPS 13 Laptop (16GB),112987.68
2025-08-08,PROD-105,Dell XPS 13 Laptop (16GB),112465.58
2025-08-09,PROD-105,Dell XPS 13 Laptop (16GB),110871.1
2025-08-10,PROD-105,Dell XPS 13 Laptop (16GB),110674.15
2025-08-11,PROD-105,Dell XPS 13 Laptop (16GB),111552.41
2025-08-12,PROD-105,Dell XPS 13 Laptop (16GB),111669.06
2025-08-13,PROD-105,Dell XPS 13 Laptop (16GB),110652.33
2025-08-14,PROD-105,Dell XPS 13 Laptop (16GB),111461.47
2025-08-15,PROD-105,Dell XPS 13 Laptop (16GB),110990.94
2025-08-16,PROD-105,Dell XPS 13 Laptop (16GB),109318.26
2025-08-17,PROD-105,Dell XPS 13 Laptop (16GB),109429.56
2025-08-18,PROD-105,Dell XPS 13 Laptop (16GB),110853.66
2025-08-19,PROD-105,Dell XPS 13 Laptop (16GB),111201.99
2025-08-20,PROD-105,Dell XPS 13 Laptop (16GB),110736.72
2025-08-21,PROD-105,Dell XPS 13 Laptop (16GB),111304.35
2025-08-22,PROD-105,Dell XPS 13 Laptop (16GB),110180.65
2025-08-23,PROD-105,Dell XPS 13 Laptop (16GB),108492.4
2025-08-24,PROD-105,Dell XPS 13 Laptop (16GB),109886.73
2025-08-25,PROD-105,Dell XPS 13 Laptop (16GB),110731.89
2025-08-26,PROD-105,Dell XPS 13 Laptop (16GB),110137.99
2025-08-27,PROD-105,Dell XPS 13 Laptop (16GB),110467.52
2025-08-28,PROD-105,Dell XPS 13 Laptop (16GB),110529.83
2025-08-29,PROD-105,Dell XPS 13 Laptop (16GB),110717.31
2025-08-30,PROD-105,Dell XPS 13 Laptop (16GB),109274.34
2025-08-31,PROD-105,Dell XPS 13 Laptop (16GB),109651.41
2025-09-01,PROD-105,Dell XPS 13 Laptop (16GB),112090.87
2025-09-02,PROD-105,Dell XPS 13 Laptop (16GB),112244.69
2025-09-03,PROD-105,Dell XPS 13 Laptop (16GB),111902.51
2025-09-04,PROD-105,Dell XPS 13 Laptop (16GB),112262.81
2025-09-05,PROD-105,Dell XPS 13 Laptop (16GB),113525.59
2025-09-06,PROD-105,Dell XPS 13 Laptop (16GB),111475.83
2025-09-07,PROD-105,Dell XPS 13 Laptop (16GB),110535.89
2025-09-08,PROD-105,Dell XPS 13 Laptop (16GB),112929.16
2025-09-09,PROD-105,Dell XPS 13 Laptop (16GB),112643.41
2025-09-10,PROD-105,Dell XPS 13 Laptop (16GB),110832.74
2025-09-11,PROD-105,Dell XPS 13 Laptop (16GB),111377.67
2025-09-12,PROD-105,Dell XPS 13 Laptop (16GB),110858.29
2025-09-13,PROD-105,Dell XPS 13 Laptop (16GB),108973.48
2025-09-14,PROD-105,Dell XPS 13 Laptop (16GB),109138.54
2025-09-15,PROD-105,Dell XPS 13 Laptop (16GB),110914.24
2025-09-16,PROD-105,Dell XPS 13 Laptop (16GB),111351.61
2025-09-17,PROD-105,Dell XPS 13 Laptop (16GB),110908.42
2025-09-18,PROD-105,Dell XPS 13 Laptop (16GB),111198.83
2025-09-19,PROD-105,Dell XPS 13 Laptop (16GB),110895.22
2025-09-20,PROD-105,Dell XPS 13 Laptop (16GB),109630.57
2025-09-21,PROD-105,Dell XPS 13 Laptop (16GB),109975.32
2025-09-22,PROD-105,Dell XPS 13 Laptop (16GB),110864.72
2025-09-23,PROD-105,Dell XPS 13 Laptop (16GB),111586.97
2025-09-24,PROD-105,Dell XPS 13 Laptop (16GB),111056.65
2025-09-25,PROD-105,Dell XPS 13 Laptop (16GB),111560.86
2025-09-26,PROD-105,Dell XPS 13 Laptop (16GB),111709.29
2025-09-27,PROD-105,Dell XPS 13 Laptop (16GB),111228.46
2025-09-28,PROD-105,Dell XPS 13 Laptop (16GB),110864.19
2025-09-29,PROD-105,Dell XPS 13 Laptop (16GB),112148.74
2025-09-30,PROD-105,Dell XPS 13 Laptop (16GB),111977.74
2025-10-01,PROD-105,Dell XPS 13 Laptop (16GB),111602.47
2025-10-02,PROD-105,Dell XPS 13 Laptop (16GB),112073.3
2025-10-03,PROD-105,Dell XPS 13 Laptop (16GB),110708.4
2025-10-04,PROD-105,Dell XPS 13 Laptop (16GB),108108.72
2025-10-05,PROD-105,Dell XPS 13 Laptop (16GB),107267.18
2025-10-06,PROD-105,Dell XPS 13 Laptop (16GB),109706.3
2025-10-07,PROD-105,Dell XPS 13 Laptop (16GB),110954.95
2025-10-08,PROD-105,Dell XPS 13 Laptop (16GB),110779.86
2025-10-09,PROD-105,Dell XPS 13 Laptop (16GB),110565.25
2025-10-10,PROD-105,Dell XPS 13 Laptop (16GB),110540.53
2025-10-11,PROD-105,Dell XPS 13 Laptop (16GB),109610.91
2025-10-12,PROD-105,Dell XPS 13 Laptop (16GB),108799.6
2025-10-13,PROD-105,Dell XPS 13 Laptop (16GB),110628.15
2025-10-14,PROD-105,Dell XPS 13 Laptop (16GB),111279.14
2025-10-15,PROD-105,Dell XPS 13 Laptop (16GB),104642.0
2025-10-16,PROD-105,Dell XPS 13 Laptop (16GB),104658.09
2025-10-17,PROD-105,Dell XPS 13 Laptop (16GB),105281.97
2025-10-18,PROD-105,Dell XPS 13 Laptop (16GB),101371.45
2025-10-19,PROD-105,Dell XPS 13 Laptop (16GB),101831.03
2025-10-20,PROD-105,Dell XPS 13 Laptop (16GB),102993.67
2025-10-21,PROD-105,Dell XPS 13 Laptop (16GB),101577.01
2025-10-22,PROD-105,Dell XPS 13 Laptop (16GB),101987.57
2025-10-23,PROD-105,Dell XPS 13 Laptop (16GB),103024.43
2025-10-24,PROD-105,Dell XPS 13 Laptop (16GB),102876.12
2025-10-25,PROD-105,Dell XPS 13 Laptop (16GB),101827.97
2025-10-26,PROD-105,Dell XPS 13 Laptop (16GB),109865.53
2025-10-27,PROD-105,Dell XPS 13 Laptop (16GB),112448.19
2025-10-28,PROD-105,Dell XPS 13 Laptop (16GB),113506.76
2025-10-29,PROD-105,Dell XPS 13 Laptop (16GB),113839.01
2025-10-30,PROD-105,Dell XPS 13 Laptop (16GB),113654.64
2025-10-31,PROD-105,Dell XPS 13 Laptop (16GB),112221.43
2025-11-01,PROD-105,Dell XPS 13 Laptop (16GB),110151.81
2025-11-02,PROD-105,Dell XPS 13 Laptop (16GB),109376.54
2025-11-03,PROD-105,Dell XPS 13 Laptop (16GB),112625.67
2025-11-04,PROD-105,Dell XPS 13 Laptop (16GB),112313.47
2025-11-05,PROD-105,Dell XPS 13 Laptop (16GB),112241.2
2025-11-06,PROD-105,Dell XPS 13 Laptop (16GB),112493.75
2025-11-07,PROD-105,Dell XPS 13 Laptop (16GB),112352.77
2025-11-08,PROD-105,Dell XPS 13 Laptop (16GB),111732.42
2025-11-09,PROD-105,Dell XPS 13 Laptop (16GB),111043.56
2025-11-10,PROD-105,Dell XPS 13 Laptop (16GB),112727.09
2025-11-11,PROD-105,Dell XPS 13 Laptop (16GB),111984.88
2025-11-12,PROD-105,Dell XPS 13 Laptop (16GB),110846.62
2025-11-13,PROD-105,Dell XPS 13 Laptop (16GB),110296.46
2025-11-14,PROD-105,Dell XPS 13 Laptop (16GB),110204.86
2025-11-15,PROD-105,Dell XPS 13 Laptop (16GB),108098.64
2025-11-16,PROD-105,Dell XPS 13 Laptop (16GB),107539.14
2025-11-17,PROD-105,Dell XPS 13 Laptop (16GB),108197.2
2025-11-18,PROD-105,Dell XPS 13 Laptop (16GB),108176.01
2025-11-19,PROD-105,Dell XPS 13 Laptop (16GB),107089.67
2025-11-20,PROD-105,Dell XPS 13 Laptop (16GB),107756.23
2025-11-21,PROD-105,Dell XPS 13 Laptop (16GB),107881.25
2025-11-22,PROD-105,Dell XPS 13 Laptop (16GB),105120.02
2025-11-23,PROD-105,Dell XPS 13 Laptop (16GB),104996.86
2025-11-24,PROD-105,Dell XPS 13 Laptop (16GB),99372.65
2025-11-25,PROD-105,Dell XPS 13 Laptop (16GB),99749.4
2025-11-26,PROD-105,Dell XPS 13 Laptop (16GB),100873.27
2025-11-27,PROD-105,Dell XPS 13 Laptop (16GB),99529.22
2025-11-28,PROD-105,Dell XPS 13 Laptop (16GB),99745.03
2025-11-29,PROD-105,Dell XPS 13 Laptop (16GB),98018.68
2025-11-30,PROD-105,Dell XPS 13 Laptop (16GB),98641.0
2025-12-01,PROD-105,Dell XPS 13 Laptop (16GB),107513.6
2025-12-02,PROD-105,Dell XPS 13 Laptop (16GB),107024.94
2025-12-03,PROD-105,Dell XPS 13 Laptop (16GB),106885.41
2025-12-04,PROD-105,Dell XPS 13 Laptop (16GB),106395.12
2025-12-05,PROD-105,Dell XPS 13 Laptop (16GB),107333.37
2025-12-06,PROD-105,Dell XPS 13 Laptop (16GB),105708.68
2025-12-07,PROD-105,Dell XPS 13 Laptop (16GB),107213.89
2025-12-08,PROD-105,Dell XPS 13 Laptop (16GB),108897.45
2025-12-09,PROD-105,Dell XPS 13 Laptop (16GB),108372.27
2025-12-10,PROD-105,Dell XPS 13 Laptop (16GB),107269.37
2025-12-11,PROD-105,Dell XPS 13 Laptop (16GB),106004.55
2025-12-12,PROD-105,Dell XPS 13 Laptop (16GB),104967.22
2025-12-13,PROD-105,Dell XPS 13 Laptop (16GB),103645.2
2025-12-14,PROD-105,Dell XPS 13 Laptop (16GB),104209.24
2025-12-15,PROD-105,Dell XPS 13 Laptop (16GB),104902.63
2025-12-16,PROD-105,Dell XPS 13 Laptop (16GB),105779.78
2025-12-17,PROD-105,Dell XPS 13 Laptop (16GB),105579.49
2025-12-18,PROD-105,Dell XPS 13 Laptop (16GB),105861.62
2025-12-19,PROD-105,Dell XPS 13 Laptop (16GB),107228.7
2025-12-20,PROD-105,Dell XPS 13 Laptop (16GB),106265.89
2025-12-21,PROD-105,Dell XPS 13 Laptop (16GB),106115.95
2025-12-22,PROD-105,Dell XPS 13 Laptop (16GB),107231.51
2025-12-23,PROD-105,Dell XPS 13 Laptop (16GB),105707.07
2025-12-24,PROD-105,Dell XPS 13 Laptop (16GB),105333.35
2025-12-25,PROD-105,Dell XPS 13 Laptop (16GB),105359.34
2025-12-26,PROD-105,Dell XPS 13 Laptop (16GB),104801.99
2025-12-27,PROD-105,Dell XPS 13 Laptop (16GB),103189.45
2025-12-28,PROD-105,Dell XPS 13 Laptop (16GB),103452.36
2025-12-29,PROD-105,Dell XPS 13 Laptop (16GB),105200.85
2025-12-30,PROD-105,Dell XPS 13 Laptop (16GB),104904.31
2025-12-31,PROD-105,Dell XPS 13 Laptop (16GB),105236.58
